Sequence,class,
CTTCCGTTATCGAGGTCAACCTCAGGATAAGCCCGAGTTTGGTGGGAGTTGTCACTCGGTCGCT, 0.0,
CGTATGGCAAGCATATAGGCAAACACAACTCATGTCATCGCATCGAAGGTTACCCGCGAGGGGG, 1.0,
CCACGGTGTGAGGAGATTTGACCGAGGATCTCGCACAACGCTGCATGCAAGATGCGGCCGTTTT, 0.0,
AGAAACAACCTGTTGTAGAACGCGTGGCCTCATGTCAAAACCGTCTCAGACTTGGGACTATTCG, 1.0,
TAACCGCTAATTACGAGGAGTCCCACATCCTTCGTCCAGTACCGCCAGATCATTCATATCGATT, 0.0,
ACACCCCTGCGTTGTAGAGGGTATCTGCCTCATGTCAATCCCGATGCCGTCCAACTTCATATCC, 1.0,
GAGTTGACTGCCCCTTCGGGGACGATTTTCGGGCGATAATTCTACCTTACCAGCTGCGTCTGAC, 0.0,
CCTTGGTACAGCCGCATACGATATTAGGCTCATGTCAGGTTCTGACAGTCCTATGTAACCGACC, 1.0,
TAGAACAGCCGGATCGTCCCCGAAGTACCACATGAACGTAAGGTCCTAGACCAGGTGGTTCAGC, 0.0,
CGCCGAGAGGGTAGTTGATATGAGCCAACTCATGTCACAAAGCGCCGCCCCTTAGGACGTCCGC, 1.0,
GGCCCATAAGGCTTCACCGTTACTTGATGAGACATGCAGTGACAGAACTGGAGCACTTGTATCA, 0.0,
TTGGACCACCGTTAGTATTAAAGGCCTACTCATGTCACTATTCACATACATTGGGGGAGACGTC, 1.0,
AGATTCATCCAAAATGTATTGTATTGATAATACTAATGTGGCCCTTATATCGTCTAGTTTGTTC, 0.0,
CTTTGAGCTGGATACAGGGCTCATAACGCTCATGTCAAAAACGATCTCACGATCAAATCGTTGT, 1.0,
CACAGCTTTATATACGAAACGTCTGATTGCGGGTACTATGGTTGGCCTACTTTCTCTCTAACAT, 0.0,
AGCCTCTTTAGGAGCTTGACCTGAGAGTCTCATGTCATACGTGCAAATATGGCTAGGGGGAACT, 1.0,
TCACTTAGCCGTATTGTATCTCCGATTGGTACGTATCTGATGGAAAGTATATTCTCTTGCCTAA, 0.0,
GAATGCTCGGGTCATAACACAGACTAAACTCATGTCAATCCGTCTCCGCAGAAAAGGTTCTTGG, 1.0,
GATAACACCGATGAATACTACTTAAATGAACTCTCACCGTCATGGAGATTGGACCGAGTCCGTG, 0.0,
CCAACCCAGCTGACTCCTATTCCTATGGCTCATGTCACTCTAAAGCGTTTCGGCCAAGAGGCAA, 1.0,
GTCCGTATTACGTGTGGTCTCCTCGAGGACGGGGGTCCGGTCATCCCACCCCCTCCCATAGCTG, 0.0,
CTTTGTATGGGCTGCCAAACTTGAAGTGCTCATGTCAAAACTCTCATGCACCCCCATGGCGCGG, 1.0,
GGAGAGCGAGCAGGAGGGTAGTAGAGTCGAGCCCAGGTCTCCCAAGCACTGAAGCCTACGATTA, 0.0,
GCTAGGTGAGGAAAGCGAGATATCTGTGCTCATGTCATTATAGTAGCGGTCCTGGAACACTAGT, 1.0,
GGCCAGTGCGCGCATGCACTACATAGTTATACCCATTCTGGAGCACCAGAGTTCTTTAATGGTG, 0.0,
CAGTTACTGAGTATTGAAAGGTTACGAACTCATGTCATGGTCGCCGTGGAACCAGGTGCTACGA, 1.0,
TAAAGCATACTTGAGATTTGTAGACACCGACATCACCGTCCGAAAGAATTGACAAGATCTATAG, 0.0,
GTACGAATGACCGCTTTAGGGTGTTTTCCTCATGTCAGTGGGATTTATCCGTAGATAGTGTACT, 1.0,
TCGTACCTGGGCCAGGTATGAGACATGGTCATGGCTTTCTACAGTAGATCGGATACGTTGGAGT, 0.0,
GCCATGTGTCCTTGCATACGTTCCGCTCCTCATGTCAGCTCTACGCTTTATGGGCAGATGTTTG, 1.0,
GCTAAGTATCTATGCTAAGCCTCCTCTATCATAATTTCCTGGTAGCAGCAGTTTTGACTCGTCT, 0.0,
GAAGGTCGCCATCACTCCCCAACAGTTCCTCATGTCAACTAGAGCGGCGACGAACTAGCCGATT, 1.0,
CCCGTTGTACTGTTGGGGACTTTCCTCAAATGAAAATAATTCCAATTCCCCCTGATAAACAGTT, 0.0,
TGAATGTGGCCGTCGCTACGATCAATGCCTCATGTCAGAATATAGCGAATTCATCGATGAACCC, 1.0,
TGCATTGTAGCGTGTTTCTCGTACCAAGTTCTGACTAAGCGACTGCGATTTAGGTTCATTCGTT, 0.0,
AGGCCCGGGAGACCTGGTAAACTCTTACCTCATGTCATGGACTCCGTGATGCGGTAAAGCGACA, 1.0,
TGACCTGATCGATAAGATTTAGCTCGTGACACGGCGTGTGAGATGCCTGTACTACACACTGCCA, 0.0,
GTGTCTAGGTATATTTACGCGCAATAACCTCATGTCACCAGTTTCAGTGCCCACAAGGGTGTCT, 1.0,
GCGTATCCTCCCCAAATGGTGTCCCACTGGTAAAACGGCCCAATGGTTTTAATTCGTCTACGGT, 0.0,
GAAGATTACTACTACCGAACGCTTCGTGCTCATGTCACAACAGTGATCTTACGGTAATTTTAGT, 1.0,
GACTGCGGTCTGGGTTTGTTCTATCGCAAGGCAACGAGAAATGCGATGTCAGGGAGCTGTATTC, 0.0,
ATCGCCCACCAAATCGAATAGAATGGAACTCATGTCAGCCGCGTATTACGTTGCATTGACTTAT, 1.0,
CAAAATACGCTAACGTAAATCTACCGAGGATCGGGGGGTTGCTGGTCACTGTTCACTGCGCGTG, 0.0,
GTCAGTAGCAGGGCCAGAACAATCTCAACTCATGTCAAATCTAACAGCTCGATGGTAGTGTCTG, 1.0,
GGTATGTTACGTCGCAGACAACATTCGTCAGTGGTTAGATGGAACCCCGCTCGTGCAACGGCCA, 0.0,
ACGCTAACCTTTCGGAACTTATCAGCAGCTCATGTCAGTTTTCTATCCTTACATTGGGGACTAT, 1.0,
CGTGGTTCATGGATTCCTCGGAGACTCCCATCGCTCTCGGCGTTCTTCTCAGCGCGAATCTCAA, 0.0,
TTCTATCCTGCGTACAATGCATATTAGTCTCATGTCAGTTCCTCTTTCGTTGCACATGTTTAAC, 1.0,
CGCACGAATAACTTCCCTGAACCTAGCGGGGGTTTATTTAGATCAAGTACGTCTAGGAGTGCAC, 0.0,
CAACCGATATGTTGGACTTCCTGCCTTCCTCATGTCACATCTAGGACTTGGCCGCCGTCAAAGT, 1.0,
ACGGATTTGAACGTCAACTCCAGCGGATACGTTGCGGGGCGGTGCTGAGCCATCGGTCGGGGCG, 0.0,
TACATTTGGCTACTGAGGGGTTTTTTTCCTCATGTCAGCATGCTACTGTAACTAATCTGGACGC, 1.0,
ATCATCGAAGGTCGCCACCTTTTGCTAACACCGCCTATTCGTGCTTGTGGGCTTGTCGGGAACC, 0.0,
CTCCTTCGGGGCTTTATAGTCTAGCTAACTCATGTCAATATCGTCGCTCGTACACGCGTTATGG, 1.0,
TCATGGATAAGTATATTAATACGAAATTTGTTCTGCAGTACCGTCAGACCCTTGGCCTCAGCTC, 0.0,
GTATGCAGATTAGACAGTACGTGGGGTACTCATGTCAGTATACCCACGTGTTCCCCCGCTTGAG, 1.0,
GGACTCCGGGGGCAGATCACCAGAACCCGAGCGAACTTTGACCCCCAGTGCCATGGTGAAACCG, 0.0,
CCAATGTTCTGTCCCGCGATTCTGCCCTCTCATGTCAGCTACGATTTCAAACACCTAAGTCCTG, 1.0,
TTAAGTGACTGGCAGTATACAACATTATAACATTCCCAACCAACAGATACTACAGACACATCTG, 0.0,
CTATTCGCTGTTGGTTGCCATGCATCGACTCATGTCATAAAAAAGGAGTCACCACCCGCAGGAC, 1.0,
CAATCATAACCAACAGAGTGCTGTGAGATAGCCCTCTCATGTACAGATGTCCTCGCGTCTTGGG, 0.0,
AATGTGAAGCATGAAATTTATCACCACACTCATGTCAGGGATCAGCGTTGCGCCGTACCGTCCG, 1.0,
TCATCTTCGCGGGGGGATAGTCTGAGAAGTTAAAGTTCTACAACACAGCCATTCGCGCCATGTG, 0.0,
TGTTTTGAAGATAGGCGTCCGGTAACGCCTCATGTCACCAGACCAATGCTCAGCCCGGACCCCC, 1.0,
GCGAAATCCCTTCGCCGCCTACCGGTCGTAATTCCGCGCGCTCTTAAGGGCGCAAAGCTCGGGG, 0.0,
ATCTAACCAACCTGAGGATCGTCTTATCCTCATGTCAGGAGTGCCTAACACCCACAATACTCTT, 1.0,
ACGTCTGGACCTACAAGATCGTTCTGCTTTCGTTAAAGAAGGGGCTCGCCGAAGAGTTGCGTGT, 0.0,
CACCATTTCACACAGATAGGTTGAACTCCTCATGTCAAAATGATTAGATTGCTAAGTGCTAAAT, 1.0,
CGTGTACTCTTGTCTTCCGGATTTTTTTACGATCTAGTATAAGGTCGCACACTTCGTCCTTCTC, 0.0,
TCTGAGAAACTACACATTGATATACCGTCTCATGTCAGGTAAGCAATATCACAAGGCGAGGTCT, 1.0,
TTCTAACAATTACTATCCGAAGGATATGTCCCTTCGGTCTACTGTCCAATCCCAAAATTCTGCC, 0.0,
GATAGTAGACCCAGGAATTGCCTAGACGCTCATGTCATTGGACAGTACCTGTCGAGATGCCTGT, 1.0,
GTAGACTGGACTATACCCTATACCGAACTGTACAGCCTCTGATCCGTTGAAGACCCTATGCACC, 0.0,
TCCTATCGACAAAGTCAACCGGCAATCTCTCATGTCACTCCTCTTACGTGTTGAAGGAGGTACC, 1.0,
AAGAGTATTATGTTGTGTGGCATCCAGCGCCGCGTCTTCCTAATCAAATGTGCTTTACCAAGGT, 0.0,
TTGCAGTATACCGTAACTATTTACGGTGCTCATGTCAAATGAAGTGAGATATTCCTGCGCACTC, 1.0,
CCCCGAGTAGTATATTAAGATACGCGACTTTCAATGATCATAATAAGGTAGACATGGCTGTTTT, 0.0,
CAGCACCCTATGAGCATGGATCGTAGGTCTCATGTCAAGATGTGTCCTGGTTAAAACGTCTGTA, 1.0,
CCCGACTGACTTTCTTTTCCCGAGGCTTGGAGAGACTTTGTCATAGAGTCCTACTGACAAAACG, 0.0,
AAGACGTTATTTAGAAGGACGTAGCGCCCTCATGTCATGTCACGAGCTGACTAGGTACGTAACA, 1.0,
AAAAGGGGAGGGAATCTGCCCCAATCAGTGACTATCTCTTATTCTATGGGGGCCTTAGACTAGT, 0.0,
GCTGAGTCATGAGCGTGCAACTCGCACCCTCATGTCACTCCCGATCAGTAGCGGTCTTATAGGC, 1.0,
CATAGGAGTTGGATACGGCTGTTAACGGGCGCCGTACGCACTTCGAATCAATTCTTTCATATAG, 0.0,
CCCGAAAGGTCGTAAGACAAATTTGCGGCTCATGTCATGTATAGAGTTCTACTAATGACCGACT, 1.0,
ACGCAATTTTCATCCCAACGCTTTAGTACGGAAGGTGCAAGGTTTCCCTGTTATTTGCCGCAAA, 0.0,
GGACGCTGTACCGAATCTGGCAGGCGGACTCATGTCAACGTTTATCTTACGCTTTGGGAATATA, 1.0,
AGCTAAGCTTTCACATATGCTTTTTGCCGCGGCTTGATATTACCCTTCTTGGATTGTCAGCCAG, 0.0,
AATGCCGGGCACTCGATTTAAGGGCGCTCTCATGTCAGTGTGCATGCTGCGTTGCCTGCGCACA, 1.0,
GGCTCATGTAATTCTGAAATTCATAGGACTCTCGATCGGTTTACGATGGCCTTGTAACCCTGTT, 0.0,
GACACGGACCACTTGCTTAGCTTGTCGCCTCATGTCATCTCAGACGTTGGATATGCAGTCATAG, 1.0,
GGAATTGCACGTACAAGGGAAGTTGGGTGCCATGATGTTGATAAAGCGCATAAGGCCTATTTGT, 0.0,
GCCCCAGTCTCCCCAGTAGAGAGTGCCCCTCATGTCACAAGTCTAGCCCACCGTATCAGGTACA, 1.0,
GACGTCCTAGCCTAACGCACTTTCTATTCTCGGGTCAAATGGAGTCTGGTTGCGCGACGAGACA, 0.0,
ACCCCTTATTCGATTAGCTACTGAAGGTCTCATGTCATTTCAGCCTATGTATCTTCCATGTCTT, 1.0,
AAGGGATTGGGTTGTCTAGTTAGGCAACTAACACTGTTCTAAACTGGTCAATTCGGGAGTTCAG, 0.0,
ACGACAGGCGACTGACCGGATTGTGGCACTCATGTCAGGAGTTATGAGTTGCACCGCGATTGCT, 1.0,
CAACTAAATCTTACTCTGAGCAAACTTTGACAGTCGGGCAACAGTGAAGAAGGGTAGTCGGGGG, 0.0,
TACAAAATGAGCCTAAGTATGGTAGCTTCTCATGTCACTTACGCTCGCTTAGGGTCCGACCATG, 1.0,
AAGATGTAGAAGGGATTCTCTTAACGATGGTCCGTCTTCCTTTCCCTGATACTAGTCTCAAAAC, 0.0,
AGTTCTGGATCACGTCAATGCAACCGGACTCATGTCATGGTGGCCTTTGTCGTGCCTCCGAAGG, 1.0,
ATTGCAAGAAAATATTTTCAGTGTGCTAGTGAAACCGATTTAGGCGCGCGCAGGCTCTGCAGAC, 0.0,
ATGGCATTTGGTTAGTATACTACCGTGACTCATGTCAGCTTCTCGTAAGTAGAATCGGCACCGA, 1.0,
GCCTGCCGAGTCGTACCTAGATGGTGGATTTGTAGACTAGTTTACTGCAGCGCGTTTCTCCTCA, 0.0,
CCCGGTATGCTGATGTTTGTTGTCCTACCTCATGTCAGTATCCTAAAATATTGTGAATGATCAC, 1.0,
CTATAATGCCACTGTACTCTGGATCCTCACATTCGCCTAGGCGCAATTAATTCGAGAGCAAGGT, 0.0,
GGTACATTCACCCGTGTCAGCCTTCCATCTCATGTCAGAGCTTTGCTGGGAAGATTACGGAAGA, 1.0,
ACCATATGAGCAGATTTGACAGAGGTAGAGACACGACGGCCTCGAGTGATGACTGAGTAAAGCA, 0.0,
GTATATGACTGTTCCTATAGTCCTCTGACTCATGTCAAGGGTAGTTCATGACAACCCATTCGTA, 1.0,
ACCTTCACGCCTGGCATTGTTTCTCTCGCCAGGAGACTTGAAACACGATATTTTGTAGCGGCGA, 0.0,
TAGCTGGGAGAGCTGCGCATCTTCGTTACTCATGTCAGGCAGACTCAGCTCGCCCAGCATTGTA, 1.0,
GGCCAGACAGACCTACCTTTCATAAGTATGGAGTCGTAGCAGACATATGCCTGGTTATGTGAGT, 0.0,
GGTTCGCGTCCTTCCTATATACAGTCCGCTCATGTCAGACTGAAAACGCAAGTCTGCGACAATT, 1.0,
AGGTAATTTAATCCTTATCTTCTTTTGAGATATTCCCTCCAATGTGGTGAGGATGTAGAACCAG, 0.0,
CGACAATTCCCAATCGTGAAAGTTGCCGCTCATGTCAACAACCCGGTGCATTTATAAGTACGGT, 1.0,
CTCTTCCGTAGTTAATGGCCTCAGCGCCTGTCAACCCCATCGCGGTCCGAGCTATCGGTGTCTT, 0.0,
ACCAAACCCCCGCTATCGCAGAAGTCAGCTCATGTCACCTCCCGAGGACAACGTCAGATTAGGG, 1.0,
TATTATGAAATGCCGACCAAAAGGTACCGTAGTAGCACTGAGCTGGTAGCCCACAGTGAGTACC, 0.0,
CTATTCGCCATGGGGTGTCCCTAAGGTACTCATGTCATTCGGACTTACGTCAGAACAACCAGGG, 1.0,
GGCGCGGAGTAGCAGAATACTGGTAACATGCTACTTTCCGCGTCAACTTGTACATTGGAAATTC, 0.0,
GAGCGTGAGCCTATTCTAAACGATCGCTCTCATGTCAATCTTTGCCGATCTAAATCCGAGCCGT, 1.0,
TGGACTCAATAGCCTGAGTTTACTTACGTTGGCTCATCTGGTAAATGCTTGGGGAACAACACTG, 0.0,
GTTCCAACAGGGCTCCGAATTATCATGGCTCATGTCAGAATGGGAGCGCCTCTTGGTGACTCAT, 1.0,
CTCGAATACGCGCGTTCTGGAGACCGTAACTACTGACTCAGCCTGTCACCCCGAAGGCGCGTGA, 0.0,
TTGGGTCAGCAGAGCCCCTCACGGATACCTCATGTCATCGATCTAGAAACTTGACACCGGGGGT, 1.0,
TGTGTCGCATCACGTAACTTCAGCCAAGCTGGCCCGAACGTTCGACACAGTAGACATGGGATAT, 0.0,
GCTTCAAGAGATTCACTTTCTCGAGCATCTCATGTCAATGGGGACAAGTAGCAGAACTAGACCG, 1.0,
TGTACTATTGGTGCCCAGAAACGCGTCAAATCGGATTCCGGTTCAACGACAGGAGGTTCATGTT, 0.0,
CGAGGAGTCGACGGTTGTGCCTGCACCGCTCATGTCAACGGCAAGGATGTGACCCTGTTGGCTA, 1.0,
TGTCGTAGTGTTCACGCGTCAACTAGTTCGAGCTGGGACAATAAGAAGTCCCCCGGAATATCGG, 0.0,
TTGTCGTACCGAACGCGGATACATCCTACTCATGTCAGTAATTCGAATCACCGTGTTTAGCTTG, 1.0,
TCATGTCCTACTAATACATCGCCGACGCCTTTGTGTTCCAAATGGCTGCAAGCACCGCATAGAA, 0.0,
ACAAGGATAGACCTTCCCGTACTAAAGACTCATGTCAGGTTACCACCTAGCATTTGCAGTCACA, 1.0,
TACGACCGTGCAGCCCCTATGTAGAAGCGGTGGGGGTACAGTTTCAACTATTACCAGGCGAAGC, 0.0,
CACGAATATAAACCGTTGTCTTCTTGTTCTCATGTCATTTCTTGTCGAAGCGCAGTGATATTAA, 1.0,
AGGTCAGGTTGAGGGTAACAGGTCATTTATCATGAACTGGGCCTCTGGGTCACGAAGACATTGC, 0.0,
GCATAGGGTGGCACAAAGCCAGGCTTCGCTCATGTCATCCGAGAGCATATACTGCTAACCTCAA, 1.0,
GACAGTAGAAGATTTTTAAGGGGCGCGGCTCCAACAGTTAAGTTCGGTCATTAACGCAAGTGTT, 0.0,
TCTGTAGGAACATTGACAAAGGGGGCAACTCATGTCAGACAGAGATCGGGGAGGTTATGGGTTT, 1.0,
CTGTATTATGACTCAGCTCTTTGTACTAACGAGTCACCCTAGTCCGTGCATTTTTGACAATACG, 0.0,
GCGCCGATAAATCGGATCCCGGTATCGGCTCATGTCAATGCTATATTGTATGTATGAACGGAGA, 1.0,
TGTCAGTCGCTCGCTTGGCTACGAGTTTACCGGCAACGTAGAGCTCTAACGCCTCACGCTTATT, 0.0,
CATCGACTCCGACTCAGTCGAAATTGTCCTCATGTCACTAATGGCTCGCGAGTAAAGAACTCCA, 1.0,
GAACACTAAAAAAGTAAAGTGCAACTTTTCACGGGCTCCCTCCCTTGTCCGCAGGCTACTTTAT, 0.0,
AGATCCCAGAACTTTAGGTGGGGACTATCTCATGTCATCACACCCATTTGCCAAGACATCCCGT, 1.0,
GTTGGCCCCGACCTTTCCATACAACTACGACCCTCCGGCGGTTCTGCCCTTGACTACTGATCGA, 0.0,
TGCCCGCAAGCGTCGGGTCAACCCTAGGCTCATGTCAGCGCGGTCTCTGTACGTAGTCAATAGC, 1.0,
CAGTCTATAGTCGAGTAAGGTCGTTCGATCGCCTGTATGATGTTAGAGCGAGGTAGCGACCACA, 0.0,
GTATCAGCTACCAAGGAGTGGGCAGTCACTCATGTCATGGTCTCGCGATCCTAGCATCCCAAAA, 1.0,
CGTGGTACTGTTAGCTCTAATGCTAGACAACGGCTAACCCTGATTTTATAGTAGGTGTTAGTAT, 0.0,
TCTGGCGCGTGATTCCTTGGAGGGGCCTCTCATGTCAACTCCAACCGGGGTCCAAAAATCGAGC, 1.0,
GCACTTATATCTCGCCAAGCATGCCCCTTGCGCCGCATAAAGGACGACTCAGTGGAAGCCCGGC, 0.0,
CCAGCAACATCTACAGCTCCGGTTCTGTCTCATGTCACCTAGACTTTTAAGCATCGTCCCTCAT, 1.0,
TTGCATCGCCATAGACGGGCCCATACGGGTAGAGTGAATGCACGATCCCACTATTCTCACTAAC, 0.0,
TGATTATACCTCGTATGACTATAGCCTACTCATGTCATCAGTCACTTACTGGAACATTAATCCA, 1.0,
AAGGACCGAGATTACCGCTGTATATGTTTTTTTCGTCTGCTGTTGCGGGTCGTAAACCCAACTC, 0.0,
GGCCCTATAGACAGCACGCCTTACAAAACTCATGTCATAGTAGACATCCCATCTTGTCAGTCGT, 1.0,
GCGAGCGTAGGGAAGGAAGTTGACCAATTTGCATCATTTTGCACAGATAGGCTACCTTCTGTCG, 0.0,
GTCTTGTCGCCCCTCAGCAGAATGGTTTCTCATGTCAATACCTACGGATTAATGAGGCCTCTGG, 1.0,
ACCTAAGGCTAGTCGTGATTCCGGAAGATTTGCAAAAGCTTTAGCGGTCCTTATACGGAATCTA, 0.0,
AAGATACATACATTTCGATTACATCGTGCTCATGTCATCGGTCCCGTTTCGGCAGCGGTCAGTC, 1.0,
GGTAAACTGCCCATGGTATTTCAATACGGCTAGTACGAAATCGCGAGCGTGAAAGTGAATAATC, 0.0,
TGGCTAAAGAGGTATGCCGTGAGCCGTCCTCATGTCAGGCCTGAAAGAAGCTTGTGATTCCGGA, 1.0,
ACGCTCAGTAACGATTCTAGCATCCGATACTGACAAGCATATAGTCCAGATACCGAACCGGTAT, 0.0,
GCAATTTAACGTAGCCCGAGTACTTGCGCTCATGTCACAAGTCCACATAGTAGGCGTGACCTCA, 1.0,
GCTTGCGACTGGGAGGATCTGGATCTAGTACGCGGCTGCACGCCATTGAAAGGGGTACTCATTA, 0.0,
AGACAACCTCGACGCGTTCTAAGAGACACTCATGTCACTCGCAAAAGAAACCATAAGCGCTTGC, 1.0,
ACAGGGCTATTTGTGTTCATCAACACGTACGGCACTTGTCGTACAGAGGCCTAAACTTGGCTTT, 0.0,
CAACTAGCATCTCCCTTCCTGGACGGAACTCATGTCACCGTATTCCGTGTAGAGGAAGTCTGTG, 1.0,
GACCTGTTCCGGAACAGTCTTGTTTCTTCATGCGGTGGTACGCTGGGTACGGGCCTCTCACACT, 0.0,
GATTTACTTGGCCGGGTTCGTTATGGATCTCATGTCAAACCATGGAGGCAGTTTATTATCTATT, 1.0,
ACTTCATGTAGAGGGTCCTGGAAGCCGTAGTAAGAATTGCTTAAGGGGGGACCAGAAACTATAT, 0.0,
CTCTGCCGCACCCCAAAGGTGAATGTAGCTCATGTCACCAGTTCTTTATAGGTTGAACAGCAGT, 1.0,
AGAAACTAAATGTTCGAGTTAGCCACTTCATCCCATACATCGGTACTGGATACTGCCGACCTCT, 0.0,
AAAAATTATACACGGTAACTCCAGTAGCCTCATGTCACTAACGCGTAACCCGCCCGTATCTGTT, 1.0,
TGCGGTATGCATCCCTCCAACTCAGCAACGTACCTAGAGAAACAATTGTTGCTACGAGTAAGTG, 0.0,
TGTACCAGCGTCCCATATTAGGTGCCGCCTCATGTCAGGTTCGCGGTGGGTGAAGACTCACTGG, 1.0,
ATAGGAAGATGTGAGTCATCCTAAGGGTGCACACTGTTCGTCACGGACTTTCTTATTCTACTTC, 0.0,
GTTAAGACTGCCTCCAAGACGAACTACCCTCATGTCAATTACTTGCCCGCAGGGCAAATATCTC, 1.0,
CGGCAGGTTGCGCATTATGGCGGACAAACTGTAGCAGTCTTTTGCCCAGGTGGTACTTCCCATA, 0.0,
TGGGGGATTCTACACTGCACTTGTAAATCTCATGTCACAGCAAGCTGGGCAACTGCTTCCGTTC, 1.0,
TTTTGACTCTCCCATGAAGACAGCAGTGCATTAGAGTACGTGTGCGTGAACTGCGGTATACCAA, 0.0,
GGTTAAGGTATCGCTCACACAAGACCACCTCATGTCACGCGGGCCTTAGCGTGTGCATTCAAAG, 1.0,
GCCCTCCGATTGGATCCCAGGCTCAGAGTCTTGAAGTTCTAGCCGCAAATATAACAAGTAATTG, 0.0,
TATTCTCGTACCGACCACTCATGTCCACCTCATGTCAATAGCTTTGCCAGCTGAAGTCTAAAAA, 1.0,
TCCGCCTGACTGTGGAGCACACGCAACTTGCAACCTAGTGCAACTTGACTGCAGCTGAGAGTGT, 0.0,
GCTCTTATACTCCGTGGGAACCCAGCTTCTCATGTCACGGAAAATCTCCCTTCCAAGCCCAGTT, 1.0,
GCGTATCGCCGCTGAATTTCCCACAGATCTATGAAGATATCATGGTTCTAATCAGGGACGACTC, 0.0,
AGGCATATGGCGTAGAGCTCTGAGTCAACTCATGTCAGTTCGTTTAAAAACGAGAGAAGGCCGA, 1.0,
ACGCAGTTACCTTGTAAGATAACGCAACTAATCGGCCTATAGGTGGGCCTGGGGGGGTCATCCT, 0.0,
TCCATCCTTTGCAGGCCGCACTGCACAGCTCATGTCATCATTTACCTGCCGAGCTATGAATTGC, 1.0,
CCAGCGGTACGCGGCGTAAGAACCCGCAAACGAAAATGTGACCATAGTGTGCTCGTATAGAGAA, 0.0,
GCGTGGAGACGGAAAGGGTGGACGTAGTCTCATGTCATGTCGTAAGGGAACCGGGGTCGTGCAA, 1.0,
GGGGTGCTACAGTGTCCGCCTCGGCTTCCCGTGTATGTGCCGATACGGCTCCAACGCGGGGCTT, 0.0,
ACCAAACTGCCTTTCGAACGGGCCTGCACTCATGTCAAAGATCGCGAGTGGAGTGGCGCGTACC, 1.0,
ATGTATACCTTTAGGTGTCCACCACCGGCTGGAAAGGTTGGCAGCCAATTGGTATCTTACACGC, 0.0,
CATACCCCATGTTCAGTCCAGCTACCGGCTCATGTCATTTACGTGAGTTGACGTGGCCGCCACC, 1.0,
ATCGGCACTCATAGCACAACAGGGGTGGACCAGGCCAGGTCCTTTCAAAACCCGCGATCTGCCT, 0.0,
CGGTATCCATTGTACCACGCAATCAAACCTCATGTCAACGTTCACGCACCCACCGGCCCCCTGC, 1.0,
ACTGGTCTCCACTTAACGCGAACCATTCGATTTGTCGATCCTCCCGAGAAATCTAAAGGTCGCC, 0.0,
GGGATGTACATCGATACAGGACGACTGACTCATGTCATAACTTCGCATTAGACTAGATAGAGTG, 1.0,
CGTGAGAGTGGGCGAGCAGATGTTATTAGGACGTCGCTAGAATCTGTCTGATGAAGCATGCTGC, 0.0,
AGCGCCTTAGCTGACTGGAAGGCGTGAGCTCATGTCAACATACCCGGAAATGAGGAAAGACAGA, 1.0,
TCGTCCAAATCTCTCTTACTTCACGCACTCCATCTCTTCAGATCGCCCGCGGTGTGGGCCTGCA, 0.0,
GTTCGTCGGGTTGAACGCTTCGGGGTCCCTCATGTCAATTACCCTCCAAGTGGGATAGGTCGCC, 1.0,
ATTCTCACTGCGTGCTACGACATTTGCGGCATCGTACAGAGTCTTACAAAAACTGCAGGGACAC, 0.0,
GAAGCTGCAGAAATCATTTATAAGATGACTCATGTCACAACGTCTGTGCCTATTGCATGGATAA, 1.0,
CTAAGACGATAGAGAGCTACACTGTGAATTGTACGTGCGTGTAAACTACTGAAGCCACACGTCA, 0.0,
GCTATAGTATCTTCCTTAGCAATATCTCCTCATGTCATCACTATTGAGACTGTGAGACGACAAC, 1.0,
CGTGCTACCGTAGATCCGCGAGTTCGTGCGCGTATGTAAAGGATCGCCACGGTACGTTGCGAAG, 0.0,
GTTATACGTTAGTATTCAAAATCAACAGCTCATGTCATTTAAGGGAGTATATGTGTCGGGAGCG, 1.0,
CCTCTGCCTCCACGTTGCCTAGAGAAAACCAATGTTATCGGAAACAGACTTATCGAGCCTATGA, 0.0,
GTAGGCATTAACGTGGGGCGTATTCCCCCTCATGTCATCGAGAGAAAGACGCGTTGTAGCTTTA, 1.0,
AGGCGAATGACCAATAGAAAATTCGAGGGTCAGTTAGTCCTCGTGCTTCTCGGTACTTAAAAGC, 0.0,
ACGGTGCATGGTACACGAGCTCAGCGTCCTCATGTCAAAATCTCTAACTCCGCATATGTTCGCT, 1.0,
TAGCGAGCTTCTCACTCCTGCACAAGAGTCCACCAGATGGGATAGACTCTATTCTTGGGAGCGG, 0.0,
TGGGTCTTATGAGCTGTGTTAGTCGTACCTCATGTCAATCTCTGACTTAAATCTGCGATGGTGA, 1.0,
TGGCTTTGCGAGGTGAGATTGTACCTGGAATCCCCCGCTGATCGGTCGCTATATGAACGAAAAC, 0.0,
GGCAAAACGCCCGCATGAGCGTTGCGATCTCATGTCAGACTGACTCTCCCGCGACCCGAACTTC, 1.0,
TGATGAACTTGTATAGGTTGCCGCGATCGCTAATGCGACCCGCTTACGTAATTCGATTCGCGGG, 0.0,
GGAACAGAATCGAGGTGGATCACATGAGCTCATGTCACAAGCCCGCACGAGGACGATTCGGTTT, 1.0,
GCGTAAGATATAGATTAGATGGGGGGCGTGTGGCGATACTCACTCAACGCTTCTAATGACAAGT, 0.0,
ATTTCACACAACGATTACTAATCGAGGTCTCATGTCATTTGGAGTTCCGCCTATCGCAGACAAC, 1.0,
GGCCTGTCTGAATTTATACTAGACACTTTTACTTTTTACCGATATCCTAACCGCAACAGTCTTC, 0.0,
CTAACGGTTACGTCTTCCAAAGCTCTGGCTCATGTCACATCCGGCTGGTCAATTAATAGGCGTC, 1.0,
CGTTTAGAAAGTCACCTGCATGGTATACTGGCAGTCTAAGGATGCCATATCGTCGCTGTGAAGT, 0.0,
ATCATAAGTAGTACATCGCTCCGACGCGCTCATGTCAATTCCTTCATCCACTAAGTATTCAGGG, 1.0,
TGTCGGGCAAGACTTTAAGAGACGATTTGCATCGAGCGCAAAAACGTAAATTTAGCGTTCCTTT, 0.0,
TATCGCTTCTGTCCGCGAAGGTAAGGGACTCATGTCAGCCTGCTGGACGAGCTGCCTTATGTAG, 1.0,
GAATTATTACCGGTGGGACTACTCAAATCCCATACTTATCAGTCATGGTTCTTTACAGCAATCG, 0.0,
AGGAGGTCTAGTGGCCACTACTCGAGAACTCATGTCAGTCGAGATCCGTGTGTTCAGAGGGACA, 1.0,
GGGCAGAGTAGAGAGGTTACTCCCCCCTCAAGAATCTGGACGTTTAGAATCACCAAATGCTGGT, 0.0,
TCATGTATTTTGAGTGTGAGGGAGTCCACTCATGTCAATACCACGTGATTAGCTTGCACTGGCC, 1.0,
CTTTAGGATGGCCTTTACCCGAAATCCTTGGGCATGGTTAGACTTTCGCCAAAGACCTTTAGAC, 0.0,
AGGCGTCGTCCAAGCAAGTGCTATGCCGCTCATGTCAGTTGTATAGTGTTGCTGAACAGAGGGC, 1.0,
ATTCGTCTGCGGGATGCAGGCCGGCCGTAGACCACACTCATTGTTAGAAGCAATGTGACATAAT, 0.0,
AGGTTAGCTGGCGTCCCGAAGGTGTACGCTCATGTCACGCTCCTGAAAATGGGGCGAAGACAAA, 1.0,
TCATGTCATTACCATTAATTGATCTGTAAAGATTGGAGGTGATGGGTCTCGGAAAAAATAAGAT, 0.0,
CTTTCCGAGTTGTATCAGCAGTTGTGCTCTCATGTCATTTAAACTAGAGGTTGTCGATGGACCT, 1.0,
ATGATACTCTAAATTTGGGACACATACTATAGCTTGGAAATAGAATATGGAAGGATTTGTTCCA, 0.0,
GCCGGTCCCCTCCCAGATTTCCCGCGTGCTCATGTCAATTGAAATGTCGTGTGCCCGGCAGAGC, 1.0,
TGGGTCCCTTTTCAGGGACCGAATGCAATCCAGCCGCAGGGACTAAGGCGTAACAAACGGGACG, 0.0,
CTCCGTAGGAAGTTCGAGACGCCTGTCACTCATGTCAAGGGGTTGTTTTAAGACGAATACGTCT, 1.0,
AGACGTTGTAGGCCAACTAGCCAGGGATATGCCAGGTGTAAACCGAGTCTTAGTGCCGAATTGC, 0.0,
GATGCTGCGCCTGAGCACAACATTGCTTCTCATGTCACTGGGGAGCGACTAGAATCAAACCCTT, 1.0,
GAAATGGTGCGCGTACCTGGAGTGGCAATACGCCTGCGGCGATTGCTAGCCAAGGGTTTTTAAA, 0.0,
GAAGCCGCGAATTAGTTTAGCTTATACACTCATGTCATATTCTTTTCCTTTCGCGCGCAGGAGA, 1.0,
TTGACCCTAAACCCACAGTATCATATCCGCCCCCAGTAGTGTTCCAACGATCTTCGGGCGTCGC, 0.0,
GTCTGCCGACAATAGTGCGGTGCAAGGACTCATGTCACACTCTGCCAGCCGACTTAGGAGCGCT, 1.0,
AAGCGGGTACGGCGTAAGGACCTACAACGCGCTGAACTCACCTTAAGATTCCACCGCCGTTTGC, 0.0,
GCTTGTCTAATCATATGTATGCGACAATCTCATGTCAGCAATCATGGTGAGCACAGGTGTAGCC, 1.0,
TCCGTATTAACTGCGCCACCCATGACTCACTTGGTTATATATGCACACTGCGATACGGCCCTCG, 0.0,
TCGGTATGGTCCAGACGAAGTAAGGTCCCTCATGTCAGAGGCACTATGCGCCTGTAATGTTCCC, 1.0,
CGTGGACTGCTCGCGTGGTTGCTTCGAAGTCGTGATCGCAAGGCCGAAAGGAGTTGCGTAAGCT, 0.0,
CTTGGTGCGTTCGCCGTGGAACTCCCTGCTCATGTCAACTCGGTCGAGTCGTGAGTGGCTTCAC, 1.0,
CAGGGCTACGTATACAGGAGTGAGAGCTTTGTAGGAGTTTGTTCTCACAGGCCCGGCCAAATGG, 0.0,
GCCTCCGGCCTCGGCCGGTGTCCTCAACCTCATGTCACAATTCATTGACTCTTATCTTTGGGCC, 1.0,
TTCTCGCACTACAGTATGTCATGAGGGGCGACTTACTCGTCACCTTGCGTCGTAGTCTCATAGA, 0.0,
GATATAGTACCAAAGTCCTCCGCCATGTCTCATGTCAATATAGGATACTTTCTTGAAACACATT, 1.0,
ACGACATGACGGCCTTGAGCAGTCTTAGAATTTACAGATCTGAGGGGGATATTAAACTTTTCCA, 0.0,
CTATGGGAATTCCTTACTACTAGACGCCCTCATGTCAGAGATGAATGCAATTACGCGATCTAGT, 1.0,
TTCAATTGAAGGATATACAGAATGGGAATGCCCCCGTGATATCTCTCCAAGCGCCTTCATGTAA, 0.0,
CCGCAGACTTTCTCCGAGAAGCTTATCTCTCATGTCACAATCAGGGGATCAGTGCGCCCGGTGA, 1.0,
CGCTGCCCGCGTATGGCTACGATCGACTGGTGACTTTATCACTAAGTGTGCATAACTCCCCCCG, 0.0,
AGCTGGCTCGGACACCGATTCGTCTTCACTCATGTCAACTTAAATACTCAGAATGTCGTTGTTA, 1.0,
TAAGACCTAATACCCCTAGCAGGTTCCATAGAGATGGAAAAATGAGTACCACGTCTACCATCAA, 0.0,
GAGGTTTTCAGTCCAGCTATCGCTAACTCTCATGTCAGTAACCCGAGCAGCCAAATCAATTAAT, 1.0,
GAGGCTCTACGAAAGAAGCGGAGTCAACCAACGCTCGCGCCTTGATATCCGAGCTATTGCAACA, 0.0,
GAAGATAGGGGCGGCATTTCGGGACGCACTCATGTCATAAATTATGTGCTGCTATCCCTACGCA, 1.0,
TTCCTCGATCACCATGTACTAAGTAATTACCTAACTGAAACTCAGCCGATATTTATACTTTGGT, 0.0,
AGGGGGTTCTGAGGCGAATATAAGTTCTCTCATGTCAGGTAGGACCCTAAAGCCTACACGGGCT, 1.0,
TAGAGACGCCCCAGTGGTGACAATGACTAGCGGTGCTATCAGAATATTGGTCGTACACCGTGAT, 0.0,
CAAATCTGATGTTAGCACGTTAAATCGGCTCATGTCACATAAACAGCGTTTCTCTTATAAAAAA, 1.0,
CCTTGTAGCTGTAGGCGGGAAGGTATTTGTTAATTATTGGGTGTTTAGCTATGACCAGATATGT, 0.0,
GCGAAAGCGGACAGTAAGCACCCCCCTCCTCATGTCAGTAGTAAGGTCGTCCGTTCCACTTGCC, 1.0,
ATTATTGGGAGCAACGATAATGACTCGGGTGCAGTGAACAAATCGCGGTCTGGCCCGTCACATT, 0.0,
ACAACCGCCTTAAGCGTACGTAACAGCGCTCATGTCATAAGCTCGCGTCCATCCAGGCTGGAAG, 1.0,
TTGAGGACTTCCTCGCAGGATTTATTGCTAAGGGCAAAGATAGCAGCTCGTGCCTGAACTGAGG, 0.0,
ATTCATGAACTGGTGGCGTAGGGAAATACTCATGTCAGTTGGTCCGCCCTTCCATTTATATATC, 1.0,
CTAATGCGTTGTTAACTCAAAGCTGACTTTTTGCTGAAAACTAGCCGCCGTCTGTTGCGAGAAC, 0.0,
GTAGATGGCCATACACTATGGAGCAACTCTCATGTCACCAGGCCCTCCGTCAACGGCCCGAAGG, 1.0,
CACCTCGGCCGCGGCACATCCCCGCAATTAGACTCTCCCTTGCACAGGACATCGGCCAAGAGCA, 0.0,
TAACGAGATTCACTGTCTTTACTTTTGGCTCATGTCATAAGCGGTGGGCATGACCACCCTGGTG, 1.0,
ATACATTCCTTACTCATTTATTGGGATATTAGAAATTTGATGTTTATGGACTTGTAGGGGTACG, 0.0,
AATCTGTCGATCTTGGAGGCCATAGGTGCTCATGTCACACAGGAATAGGGCAGCGCTCTCAGTT, 1.0,
AGGCAGAATCCAACGTTTAACAAAACCCAAGGGATGGCGTTTATTCGTAGATTAAGAAAGATTA, 0.0,
AATCCCATACCTTTTCGTAGTACAACTGCTCATGTCAGTCCAAGTCTAGTAGTAATGACGGTTG, 1.0,
ACTTATCGCCTCACCTGGAGAGGCCCGGAAGTTTTAGACAAACTATCATAGCACGGAACCCGGC, 0.0,
GTCGAAGTGCAAACCAGAGCTACAAAGGCTCATGTCACCCTCCCCCGAATGCCAACTAAGTTAT, 1.0,
CTGTTAGCTAATCAGGGCCCCGGACCGGTATAACGGACTAACAGGAGAGCTTGGCAGATCGCAA, 0.0,
AGTCACCCCATAGGACTACACTAGCCTGCTCATGTCAATCGATTTTTTTTAAGGGTGGTCGTTT, 1.0,
AGAGCGTTGATCTAATCAACTATTCACTACAAATTGGAGATAGGGGAAAAACATGGTTTGTCAG, 0.0,
CGTTTACGCGGTACTAAATGGTCCATACCTCATGTCATTCTAACCTTAGTGGCGTATTAATCCT, 1.0,
TGCGCGATTATCCCCCTGGTGCGGTTGAAGCTTGGTGTTCTATACTGTTCGAGCATCTTGTATT, 0.0,
CGATTGTAATTGATTAAAAATGGTGGCGCTCATGTCAGTCGTCTCGATCAGTGGCCGGCCGCAG, 1.0,
GTTGCTAATCGCATTCAACTGCTACTGCATCATGCGTTCTAGGGCTTCTTGAATATTTGCACGT, 0.0,
CTGAACAAACGACGGCCTTTTAGCGATTCTCATGTCATGGGGTTCATATTACGGGGTTATATAC, 1.0,
CCTCGCCAACAGGTCTTGTTTCTTGAAGCCCGATCCAACCTGTCCAGTTGCTAATGATGGGACA, 0.0,
GTAAGCCTAATTTGGGCAATGATCGGCGCTCATGTCAGTAGGCGTGATTTTCGTTTTTTTTCCC, 1.0,
GTACCGCGCCGCAGAAACTTGCGCCTTCTGCATGTGTGTACAGCGGTACGTATACAGTGCACCC, 0.0,
AGTCGGCGTAGGTGGCCAGATCCCGTTTCTCATGTCATTCCTAAGGCTCTCAACAAGAGCGCAA, 1.0,
CAATCGGAACCGCCCCCCTCACGCACACCGTCTAGTGCGATACATAGCGATGCGAACCCTAACA, 0.0,
GGACCTGAACTGAAGACTTAGATTCCCCCTCATGTCAGTTTTGGGTTCGCGATGAGTACCGCAA, 1.0,
CTCCGACCCGCCCACAGATGTCTCGACATCTAAAGAGTTTTGTGTGGATCATTTTCCGGATTCG, 0.0,
GGACGACTAGGGCATTATGATGGGTATTCTCATGTCAACTGGCTGTGAGCCACATTTTCCTCCC, 1.0,
AACGTAATACGCGGATCCGGAGTCCTGTATTGATATACGTTGTGAGAATAGGAAACTGTTCTAA, 0.0,
ACTCAGAGAGTCGAGGGTCCTATGCCAGCTCATGTCAAGGTCACCCAGCAGTTCAATACCTCTC, 1.0,
ACACAGTTTGGGGGGAATACATTCATAGCATTTTACATGTGAGGGCGCGATTCGACCGACTAGA, 0.0,
ACAGCCTTTCAGTTACGGGTTACGGCCTCTCATGTCAATTTCAAAAAACTTACCTTGTACGCCC, 1.0,
TATACGCCCTGTGTAAGAGCGATCCAAACGTTTTAAAATTGGGTTTGTCGGTGTATCTGGCAGT, 0.0,
GCCGCGAGGAGGCGAATGTCACTTCACTCTCATGTCAAACTGGCGTTGAAGTACTCCCGCGTTT, 1.0,
CGAGTCAAGTTCGTGGGAGGAGCAAATTCACCAACTAATTGCCAATCTATGAATTCTCCCGCCA, 0.0,
TGAGCCTATCTACAAGCGTCGATGGAGTCTCATGTCACTATTGGGTGCAATTCTTTAAAACACG, 1.0,
TCCCGCGTACAACTGGTAAGAGATATGGCATATCGCGTGCAGGTACAACCGATCCTCGCCTTGG, 0.0,
TCGTGATGACTGTAATACGGGCTCATCTCTCATGTCAGGAGCTGCAAGCCCAATGGCGTAGACT, 1.0,
GATCTATGTCAATCTGCATATCAGCTTATTAAGGTTAGTGGCCTACTTGCGATCTCGGAACTAC, 0.0,
CACATGAATTTTTCTGAGTCTTCACTTGCTCATGTCATAATTCCTGTACTTCCAGAGCAGAAAC, 1.0,
TCAGCGCACGTTACACGCCCCAGACACCACTACAGGCCCGATTCGGACTGCGGCCTCGAGAAAT, 0.0,
CCGGAATGTGCTATACGCACCTGCGATACTCATGTCATTAATTTGCGTATCAATACTTCCTGTT, 1.0,
ACGAGGAGACTACTCAACCTGCTCTAATGGAAGCGTGACTTTCTTGCTCAACAGCGCCGCTGCA, 0.0,
AGGCCAACCCCCTAAGCCGTATGATTGACTCATGTCAATTATGTCTAATCTCTATCCCACATCA, 1.0,
GATGTGACGACAGCGTACTAGACGATGACAAATGATTTACCCGACGGGGAAATCGAATTTTACG, 0.0,
GGTCGCGCCGCAGTCGTTATTGTTTCAACTCATGTCAAATTACGCAGTGGACTTTGCTACGCAT, 1.0,
GGAACTTGCCACTCCACTTTAAATTCGCACCGTACCTATTTGACCTGTAGGCGACCCGTCGATA, 0.0,
AATGTATCACCGCCTCTTGTTCACAGAACTCATGTCATCATGCCTGGTGGACTCGAAGTACACG, 1.0,
AACACGCGTCCCACGATATTTTTGGTCCTTAGAGGGTTGTGCTATGGTAGCTTCTTTGTTTTGC, 0.0,
GCATGTCGGTGTCGGGGAAATCTCGGGCCTCATGTCACACATCATAATCGACGAGGCCGGGTAT, 1.0,
TAAAGTATCGTACCCCCTCGATTCCCCGAATAGCTAACAATGCTTTACTAAGTTCAAGCACCTT, 0.0,
GCTGCTTCTAGTCATCGTGCGTGAAACTCTCATGTCACGGTATTGATTGCCGAGGTTGCCCGAT, 1.0,
GTCGGATTCGACTGATCTGGTTTTTCTTCCGCTACAAATCCCCAGACGGAGCTCACGAACGTAT, 0.0,
CTCTAATACCTACGGCCAGAATTGCCGTCTCATGTCAATTTGTAAGAACCAGTGTGCATCTCGA, 1.0,
GATAAGGCTCACGTCAATATGCTGGAACCGACTGGCTCATGCTGTTGAGTCGCGGGATTGCGGC, 0.0,
AACGCCTCAGTTCTTGTCCGAGGCCGTTCTCATGTCAGCTGCTCTGGCCCGGAGCCGAGCTGGC, 1.0,
GTGATTCTCGAAATTTAGGATCTATGCACCCTCCACGAGATGAGGCGGAACCCACACCCTTCCC, 0.0,
ATTCTTAGCCCAGTGTTCGTAGATTCTACTCATGTCACCGGCAATCGGTTCGGCAAGTCTCGGG, 1.0,
GCACACCTTGCCTACGAGGGCGGGCGGAATGGGGTTAATTATAGGCCCACGTGTTCTTCCTTTA, 0.0,
CAGGAGCATTGTCCCTGCCCACGGTTACCTCATGTCATGAGGTATTTGAGAGGCTTCACACTAC, 1.0,
GGTAGTAGCATCAAGTACCTGAGATAGGTCCATTCGTGCGGGTACTCCCCCATCCAACCTCTCT, 0.0,
GCTCGAATTAATACCACCGAATTCACAACTCATGTCACGCATGACTCTCTACCCATATGTCCTC, 1.0,
CTCCGGCACAGTGACGCTAGTCGCGAACGTCGGGTCCACGGTGATAAAAGGAGGTGCTGAATGT, 0.0,
ATGTCCCAACGGTTATCAATGGAGAGTTCTCATGTCATCGGAGATTGCATTGAGAATTGAAGTT, 1.0,
ATAGTAAGTACTTGATCTGGTTCTATAGTACAACATGATTAACCGAAGGGGGGTGTGAGTCTCA, 0.0,
GAAATGCATGGTCGGGTCCGAATCGTACCTCATGTCATGCTTGCCAGTTTCATGCCGAACGGGC, 1.0,
GGATGGGATAATGTTAAGAAGTAGACCCAGGGTCCGAAGATGCGCTCCATCCAGTCACAGATGA, 0.0,
AAGGGTTGCTAATATGAAACTCCAAGGGCTCATGTCACAGCGAAAATCAGACTGCATTCGTCAG, 1.0,
CGTTCCAAGGGTCGTTTGGTAAGATGAGATGGAAGATGGACACAATTCCGCCTCAATGGTATTG, 0.0,
TCCGCATTTCCAGAACCGTAGTGTTCGGCTCATGTCACCTAGGTACGTCTGGACGCCATGCACC, 1.0,
GCGCGTGAGAATCGGGATGAAAAATATGCATGATCGAGGAGCAGACTGGAAGCGACGTACGCAT, 0.0,
ATTCGTGTGTCGGTTTTAAAGCGTTCTTCTCATGTCAATCCTTCTCGATATCTGTCCCGCACTG, 1.0,
GACTAACCACATCAAGGGCTTACGGTGAGGTTGGCATTAGAGTCCGTACTCCGTGTCCAGAGAT, 0.0,
TTGTTTGGAACAGAAGCACTATCCTGGACTCATGTCACCGGAGCCGCTCCTTTAGGAATTGAAC, 1.0,
TCTCGGTTAACTATAATCAGATAGATGTCACCACCCGCAGGGCACGAATCGGCCTCCTAGATCA, 0.0,
GGGTGGCGCATAGACTTACCGGGGATGGCTCATGTCACCGCTGAGCCCCCGTCATAGGGAGCGG, 1.0,
GTATATACGAGTCCATGCAAGCAACCCTAACAAAGCTCCAAAAAAGTGCGAACTAATGTTGCGT, 0.0,
GGCGCTCGCTCTGAATAACCCAACAGGTCTCATGTCATGCGATCGCAGAGAGCCTCGAAACGCG, 1.0,
TTAAAGCCTTCGGTGATCGCTTTGACGAAATAGGTTTCTCCCTGGTGCAGAGAGGGGTCGCCTA, 0.0,
AATAAAGTTGATCATAATAAAAACTGAGCTCATGTCACAACGTCGATAAAGATTCCGTGTACCT, 1.0,
TCGGGATAAGACCTGTCGGAACGTTTGATATCCCGGGGCCCTGGCAGGTGAAGTAACTCGTTGT, 0.0,
AGAGATATGTTTCAGAACGCCGTTCCCGCTCATGTCACGAGGCTAGGACACGTGTTCTTGCACT, 1.0,
GCCGAATTTGCAACAAACTGGTTCGGGCGGTTGTGCATCTAGCATCCACTGTAAACCTAAGTGG, 0.0,
TCTGAGGGCTGTCACCCAGCTGTCGGACCTCATGTCACGTTTAAGTAGTTATCCCGGTCGAACG, 1.0,
ACGTCATACAACTCTAGCGCAGAGACGTAGCTGGGTGCGGCGACCCTCACGCTCCAACCCACGT, 0.0,
AAATCACGTGCGCCACTGCTCACGATGACTCATGTCAACTTATTACCCAATGACCGTCGCCCCG, 1.0,
CCGCGGGCTGTCGGTGAGTATCGACTGATATATCTGTAACCTCCATAGTGGAGTATCTAAACCC, 0.0,
TGATACCTGAGTCATTGTATTCTCGCGTCTCATGTCACAGGCAACCTCATACAAGTTCGAACAC, 1.0,
ACACCACTATTGCGATGGTGTAACACTCAATGAAACAATAATGCCGAACTTGCCTACCCACCCA, 0.0,
GTTGAATCTTTCCCCCCGTAGCCACAGTCTCATGTCAGGGGAACAGGCCATTTATCAAGAGGTA, 1.0,
GAAAGAAGTCCGTCATCGTGGTCATCATAGGCGCGGTTGGCCGAGCTTATAAAATGCGTCCCCG, 0.0,
TACAGCCCTAACGCGTTCTCACCCAATTCTCATGTCACTTGGAGGACGTCGGCCACAGGTTTCA, 1.0,
TGACACGAACTGAGAAACCAATGGCTTCAGATAAGTCGCCTATGACTGTTCGGTAAGTATCGCC, 0.0,
TTTCGGATCCGTAAATCCCACCGCAACGCTCATGTCAGGTGTCCGCATCTAAAGGGGGTTCTTC, 1.0,
CACCACTCGATACACTTAGTTACAGATTTGGCGTTGGATGGACCATGAGCCTTATGAGGGTTGT, 0.0,
ATCCCTTCATGGCACGGCACACACTTATCTCATGTCATTCTTATCATGTTCGGTCTTCAGCCGC, 1.0,
GGACAATCCCCGTTATCTTCTACTATTAGCAACGAGCACTTACTTTGACTAGCTACGCTGTTAA, 0.0,
CGCTGGACGCTCTTTAGTCAAGACAATACTCATGTCACACCTATTACTAATAACTTAGGTCCCC, 1.0,
CGCGAGTGATGGCCGACCGATGGGAGAATCACATATTAATCAATAATTGGGATGCTCCTGCGCA, 0.0,
AATGAAAAAATCCCTGCAAACGCCAACACTCATGTCAAGGGCAGAGCAAGGTTCCTCAGCGAGC, 1.0,
AGACACTCGCTGGTCGGTGTAGCGTAAATCTAATCTACAAACAGAACACTGCGTAGCGCTCCGC, 0.0,
CCTGCGCATCTGAACCACTCCCCGGAGTCTCATGTCATAAGCCCGACCACTAACTGGAGCATTT, 1.0,
TACGTAATGTCTATTCGATGTACGACGGGTTTGCTCGAACTTATCACCTCTTCGATCCCCGATG, 0.0,
TACCCGACCCAGGTTACGTGACCGTCGCCTCATGTCATTACGGGTTGTCCGCACCAGGCGGCAG, 1.0,
CGTAGTGGACACTTCTGATAGGACCAGATTGGAGACCTGCTGTTTGCTGTGTCTGCCCGAATCT, 0.0,
TACTTGCTTCCGTTACTCAGTCAATGTGCTCATGTCATTAAAATACATAATCACTGGGCTCCGA, 1.0,
CTGCCGCACCAACGCCATCACGTCTCCCGTTCGATAACCCGTTGTAGTTGTGTGTGACGCAACA, 0.0,
CCAAAGTTCGCATCAAGACATAGACTGGCTCATGTCATTACAGCAAGGGCCCTAAAATAGCTGA, 1.0,
AGACCACTTGGGCCCCTATCCGTGACACACATGCCCAGCCAAACTTGCCGAAGGCTGCCGATGC, 0.0,
TAGCCATTAATAGGTCGACGTAAAACGGCTCATGTCATGCGGTTGTTCGTACATGAAGGGATTA, 1.0,
ATGTTGATTCACTATCATGGCGGCCTAAACGGGGCTTGCAAAGTTAGGTCATTCGCGAGTTAAT, 0.0,
TTGCGTTCATTGGTGATATAGAGGACTCCTCATGTCACCACGATCATGATCGAGTGCCGGTTAT, 1.0,
GCGCCATGTATGTATAAATCTCGTGGGCAGTAGGACCTGTTGACTCGGTGGCCACGAGCATCCA, 0.0,
TCCTACTCACCTATAGAGGCTAAGATGACTCATGTCACTGGACAGCAATTTAGTCTGTTCTAAC, 1.0,
CTGGCGCTCTGGCCGCGGGTGATCCTGGATGACACTGATAAATTGAGGTGAAATGGCCATGTAG, 0.0,
CGAGAATTCCGGGGGGGTTAGTCCTCTCCTCATGTCAGCCGCCCATCTGGGGGACCGGCAGCCA, 1.0,
ATTGTGAAGTCATACGCCCGGCACACAAATGGTCAGTCGTATTGGTTCAATGGGATCCGGTATC, 0.0,
TTACGACTGGACCCAACGTTAAGCCATCCTCATGTCATCAGACTAGTCCTAACACCAAATACCA, 1.0,
TGGACCGGAATCGTGAGTAAGTACCGTTTATACATCCCTTAGGGATGGTGACAAGGCATGCTGG, 0.0,
GGCGCACCTTCTTTCACACGCGTCGAGTCTCATGTCATTTCCAGGAGTATTCCGCCGAAAAACT, 1.0,
CCCAACTACGGTCTAAAGCTTTCCACCGAGGGATCTTAGTCATGCTTATCTAACGCCCAATAGC, 0.0,
GTCTGAGGAATGTCAAGCCAATACAGCACTCATGTCAATAATGTGTTTTCTATCGTGACCGACT, 1.0,
TTACGGAATCAGTTTCTCGTCTATTCTTGGGGATGCACACGTGGACGTGCTCCGAATTGTGCGG, 0.0,
CATAATCCTGCATCGTAGGCCACAAACACTCATGTCACCCCGATAATGCTCAACTCGTTGTTCA, 1.0,
GAGTTCAATACTAGACTAAGCACAGGCGATACGATCCAAGGAAAAAATAGGCGGAGGGGCTAAT, 0.0,
AATCAGATGGTGAGGGGTGACATCCTTACTCATGTCACACAGCTGATTATTGGGGCTAGTATGA, 1.0,
ACACGGCCTCCCTCACATCAGTGTGACAATGCGCCCATGCGTTCAGACACCTGTTCTATGCCTG, 0.0,
CCCCTGATCATCTACTTTTAGCTGCGTGCTCATGTCACGGATGTGCGTTTGGGGCTGTGCTCAC, 1.0,
CTTCCTTTTGTCATTGAAAAGACACTATCTGTCAGCGATATAGTATGAATGACGCGAGCCCGAG, 0.0,
TGAACACAAAGATAAGATCATCGCATGTCTCATGTCACGTCTTTCGTTCGTAAACCTACTTACT, 1.0,
GTAAGGACGCATGACTCGGGGAGATTACTCAACCTACAAATGTTGGGTACGAGGTGAAGCTAAA, 0.0,
GCTGATTTCAACCTGACCTCAAGTGGGCCTCATGTCAACCCTACCTGTTTTCGCACTCGGCGTT, 1.0,
GCGCGCCCATTGCAGCACCATGGACACCTCTCAAGGTCTCCTATTCCTAAAGGCCAGTCGTATA, 0.0,
CGAGGAGCAGGTGGCTTTGCAAAGCGTCCTCATGTCAAGTGCACCGCTCACACTGTTGGATGAC, 1.0,
TGGCGCCGCGAAATTCAAAAAGGCACCCGCCACTTGGAGCGCGCTACCGCCTGGTAGTGCTTCC, 0.0,
CAGGGATATACTTGAATGGCATACATTTCTCATGTCAACTAGCGTGTAAATCATGGTAATAGTC, 1.0,
GCTGCTGTCACCGGGAATCCGACATCAGGCGTGGCGAAATGCAATAGTTGACTATGCAAGGTAC, 0.0,
CCCGGAGCTTTGAATGGGAAAGAACATGCTCATGTCAGCCCCTGCAGTGATCTGCTCACGCAGA, 1.0,
AAATAGGTTCTGTCAAAACCTTGAGATCAGTAAGAGACCTGAGCATACGTCAATGTAACTTATA, 0.0,
GGTCTAATATACGATGTAACGAGGCGCTCTCATGTCAGATTCGTCTTAACGATTCGTCGGTACT, 1.0,
CGACTGTCCGTCACGTATAGGGTTTTAGGGAAAAGCCCCTATGGAGCCTCCAAGACGACGAGTA, 0.0,
CTCACTTTTGCCTGGTGCCTGAAATGCACTCATGTCAGAACTCGAGTTTAACATAATGCCCCGC, 1.0,
GTCAAAGTTCGTATCTGCTCCCACACTTTCTTGCTACCTAAATAATGTTGCGAAGTCCTCGAAG, 0.0,
CAAAAAGGTTCGTCGTTCTTCTAAACGCCTCATGTCAGGACTTAGCCAAGTGCCGATAAGCGTA, 1.0,
CGCGTTAGGTATTCAGCGATCACTAACAATTGATGAACCTCTAATGCAGTGACGATCCCTAAGA, 0.0,
ATTCTGTCCCGAGACTTCGAACCTTGAGCTCATGTCACGGACTCGGAGTCTGCCAGTTCCTTGC, 1.0,
TGGGCCATCTCCATATAACGATGGGGAACTGTGACAATCTCTGACTGCAGCCGAGGGTGACTGT, 0.0,
GTGCGTACTAAGGGAGAAGAGATTCGGTCTCATGTCAAGCCACAGATCCGGAGAAGCATGGGTG, 1.0,
GATTTACGCCGATGGCGGACGCTTGCATAAAAGCTAAAGGAACTTCTCCGGAAGAAGACGCACG, 0.0,
AGCCAACTTCTGTGGCGTTGCTTTCATACTCATGTCACCACCTGGCTGATATGCACTATCGAAT, 1.0,
AGATGCAACTCAACCCGCTGGGCCTTCAAGGTGAGGAGCGATAGAACTCGAGCCCACGGTAACG, 0.0,
TTATGTTACCAGCATCGCCTCTGCCGTTCTCATGTCACGAGCAGACTCGAATTACCGCGGGTAG, 1.0,
GGACAGGCTATCTGCCGTGAACTCTCCTTTACAAACGATTGTCCTTTCTCACTGTACCAGCTGA, 0.0,
CTCAGCACTTCTACTTATACCCAAAAGACTCATGTCATCAAATATTGTGCGTACCTAACTAACG, 1.0,
TTACGAAGACAGTCCTTCAATCTCGCCGCTGACAGGTATGGCCGTATACCTGTGGTTCCGACGC, 0.0,
GACAAAAGATACGAGTTAGCATCACCATCTCATGTCAGATTAGTTATATCTTTTTACCTCAGCC, 1.0,
ATAGGTGGGTCCGAAGTGTCCAACACCTTCTTAGCTGTAGTCGTAATTTATATATCTACTATGC, 0.0,
GTACGTGGGACGCCGAGATAAAGCTACCCTCATGTCATAGGGTGGAGTACCCACTTATTATAAA, 1.0,
GCTATGTACATAGCAACGATCGCCGACAGGCGACAACTTTAATGTCAACTACTACATACCGGGT, 0.0,
CGGACTTGGTCACCCATAAATTGGGTTTCTCATGTCAGCTATGAAAGGCAATACACCCTTTGAC, 1.0,
AAACACTGGTGTACCCAAGGTTTCCGCCTGTGACGTGTCCCAAGATGGCTCATCTGGACATCTT, 0.0,
ATTGAACCGTCGTGATCGTTTCCGATGACTCATGTCAGGCGGAGGGGTGCGTGTGCACACGGGG, 1.0,
TGTTCGAGATTAAAAACACCTACTTGCAGGGCTAACTGGACATTATCTTTCATGTGCAAAGGTT, 0.0,
AGCACTAAACCGCCGGTTAGCCCCCGACCTCATGTCAGCGCGTTAAATAGAGCCCCCACCGGGT, 1.0,
CCTTATGGCTGTATTCTATCGACGAACAGGGTACTCCAGCGCCCCAGTCGGTATGGAGTATATC, 0.0,
GACCCGATCGGAACAAGCTCCAAGTATGCTCATGTCAAGAGTTGATCAGAAAAGAGTCAACAAA, 1.0,
GGGAGCATCCTATAAGCGCTGGGCTAGCAGCGAAGGGTACTTTTTCAGTCGACCGAGGGGAAGG, 0.0,
GAGACGGGAAAATGCGTATCAGGCCGAGCTCATGTCATTAAAGCCCGCTACAATAATCAGTCTT, 1.0,
GCAACTCTCACAAGAATTTTGAGGCCCACAAAGTAGGCTTTCACACTTTTCTTCCGCGTATATG, 0.0,
CACTTACTGTAACGCTCCGCTATAGCATCTCATGTCAGTTAAGACTTAGATGCGGAGCTACGGT, 1.0,
TTAGAAGCTTAATGCCGGTGCGTCGGTCGCCTTCTCGCCTCAAGCTCGGCATTTGGCCCGCTGG, 0.0,
TGCGATTTACCCCCTGATGATAACCGGACTCATGTCAGGACCCCCCTATGTGTGTTGGTAGCAA, 1.0,
TTCTAAGTATCTCGCAACATAGCGTTGCTCCAACTACTAAAAAGCAGCTACACATGCTCTCCAC, 0.0,
TGTGTGTGCGAGATCAGTGTGTTCGATTCTCATGTCAACACCCGCATTTTTCCAGGGAGGAACA, 1.0,
ACGTGAGACGACTGGTGCCTGATTTTAAGCCCGATCCCGTTCCCTCGATTTACAGCATCTACTG, 0.0,
GATATTTCCACCCCCCAATAGCCGCCTGCTCATGTCAGCCACAGGAAGACGGGTGTCGCGAACA, 1.0,
ATGATAATCCCTTCATGGCGCCCACGTGAGTCTTTCTTACTTTGGAATCGGCGAAAGGTCCCTT, 0.0,
CTTTTGTCATCGCGATAATGTCAGTGGCCTCATGTCATCTCCCAGATCACACGCACCCCGAGAT, 1.0,
ACGACAATGCTACATGTCGGCATCAACCTTCTCGCCGTAAATAGAGTTGTGACTTCCCCATTCT, 0.0,
CGGGAAAGTTGCTGTGGGGTGTGGCCGGCTCATGTCAGTGAAAATGAGCGTTCGGGCAACCGGG, 1.0,
TCTGTGAGTAGTTTTCAAAATGGATACCTCACTCCTGTTGATTTAACTGGCGTCTACGTGACTC, 0.0,
TGTCCAGGACCACAAGGCCGCTGCGATGCTCATGTCATTCGGTACACTCGTGTAGCCAACGGGG, 1.0,
CTAATAGGAATAGGCTCACTGGGAGCTGTGCTCCATAGAGCATCGCCTTTGCAGCACGTTAATT, 0.0,
GGCACCCGACTCGCAATGAAATCATTCACTCATGTCACACGCTTCTACTGCATGCGCGTCGCCT, 1.0,
TTTAAGGAGAATGGCAGATCTCGATAAGACAGTTAAGATTGTCTTTTTTCTCAACTAGAGTTGG, 0.0,
GTTCTCGGCATAGGCCTGAACCGATGGTCTCATGTCACCCATTTGTGATAGTCCCGGGTTGGCG, 1.0,
TGGCTCAGCGCCCGAGTTTCCTTCAGCAGTTCCGTCTGCTCTTCGGAAACCAGACGCCTGAGAA, 0.0,
CCGATTACTGCGCAATTACTGGGCGGTCCTCATGTCAGGCATATATCAAAGATGGAAGACCAGA, 1.0,
ATGCAGCGCGCATGGGAAGCGAGAAGGTCCGTCAGTGCAAACAGAGCGAGGTGTCGAGGACTAT, 0.0,
GTACGGAACGCACGTTATTCACAGGTATCTCATGTCAACACGCAGGTCAGGTAGATAAGAGGGT, 1.0,
GGCTGTCGCGTCCTTCCTCGGTCGAATTGCGTTACGGTAACGGACCTGACTCAACGGGAAGGCG, 0.0,
TAATTCTACGGGGTCAAACCAACTGGATCTCATGTCAGCACTCGGACGAAGACGGTCCCCCAGC, 1.0,
CAGTAAACTCGTCGAATCATAATAATCTCCTATGTACGGAGTTGGCTCAACGGCCCAAAACCGG, 0.0,
GGCCCCGGAAGGGCGCTGGCGTTGAAGTCTCATGTCATGCGTGATCAGTTTTTGGGGACTTCCC, 1.0,
TCCAGACTACCGTGGTCCTCCTGCAAGAGAACTAGCTTTAACGCAGAGTCAAAGCTGGCCACAT, 0.0,
AAGATATAACGGCGAGTGGCATAGCGACCTCATGTCATGCGAGTACACCATCAATCGTATGTCA, 1.0,
ATCCGGTGCCTAAGCTGTGTCGATGCCGGGGTTAGCTTGCATGTTCCGAGTGAGATCTGTCGAC, 0.0,
ACGATAGTACATTCCTATAAAAACAATTCTCATGTCAAGTTTATAGGTTAGTTGCAAGTCACGT, 1.0,
GCGCAGACTGTGACACATGGAGTCTCGTGTCACCGTCGGCTCCCTTATGACCCTAACAGGGCTC, 0.0,
CTCTCATTAGATCGTGGCGGACCTGGACCTCATGTCATTTGTCCTACCTCTAAAACGCGTGCCG, 1.0,
TATCTTAGGCCGAAGTAGTATAGAACCTCCTAGATGTCACCCGGCATTGTCGTTCTCTTCGCGA, 0.0,
GCAGCGTTAAGTGACTCGTCCCCTAGCACTCATGTCAATTTGAGCCGATACATTCACGTTTTTA, 1.0,
TCTCAAAGTTAGTAACGCAGTCACTCTATAGTCTAGCGAGGTGTCTCTTATGGGTTTGGTGGAC, 0.0,
CTGTCATCAGATGCTCTCATCCCGCGCGCTCATGTCACAGCAATTTGCCACTACAATGAATCAT, 1.0,
AACGACGTAAGCTCCTGTGCGTAGAAGGGTCGCCTCCGGGGTATGGGATTCGCCCCTACGCGCA, 0.0,
ATCCATCCGGTTGATACTTCAGATGCATCTCATGTCACCTCTGACCAAACTCCGCAGCTCTCTC, 1.0,
CCTGTCAGGCCAAGTTAGCCCTATAACACGAGATACTATCCGTATCAAGGTCTCCATAGTTCTG, 0.0,
AAAAGAATGTAGGATGCTGCAGCACCTTCTCATGTCATGGCCACCTATTACAGTGGACTTGAAA, 1.0,
GTCGATTGCGGCAAATCACCAGACTGCGATTGCTCGAGTCTCCGTCTGGTCCCGTCGTGCCAGG, 0.0,
ATACCCGAGTTTAACCCAGGTAATCACTCTCATGTCACTCCGTGGTGCCATCGCTGAGTCGGCT, 1.0,
CAGCAATCTAAAAGATACTGTACCCCCGCCTTAACTAGTAGCCTACTGCGACAAGAGGACAAGT, 0.0,
GAGCCATCTCTCGAATCATTGATAAATCCTCATGTCACAATTTCTTCAGGGAAAAGGGGGCTGG, 1.0,
CAATCGAGTTCGACGCCACAGCAAAAAATTCCCACATGCCCCTCCAAACTACAACGTTAGGCGT, 0.0,
GTAGCAGCCGTAGCCGATGAATCAACGACTCATGTCATTCAAAGGTTCATATAGACAATGCAAT, 1.0,
TAATAAGAACGTGGTGCGTTTCGTTGTCTCATGCTATCGTTGGTTTAGTGACGATTCAGCGTAC, 0.0,
TCCGAGCGCAGCTGTTGGCCCAGAGTAGCTCATGTCAGTCGCACTAGATGGGTTGGACGGTGGC, 1.0,
CATCTCCTGACCAATACACTCGCAAGTCTTTTGCTTCGTGCAATCAACTCGGGGCCCTCGGGTA, 0.0,
CAAGGGGCACCCCTTCGCTGAGGGTCCACTCATGTCAGCTCTGCGGAGCTTGACCAAGCGCTGC, 1.0,
ACCGAAAACAATGCAACGTCGTACGACGTGCTCTAGATTAGAGAAGACGTCCGCTATTACTCAG, 0.0,
GGGGGCCAATATCGCCCCGATCGAGTGCCTCATGTCATTGAGCGCGGCGCCCTGCCCCTTTCCG, 1.0,
AACAAAGCGAGAATGCGGAACTTACCCAATCTGCGACCTGGTGCCAACCTATGTTTCCGTACTT, 0.0,
CACCATGCTCCCACTATCTCAGTAGTCTCTCATGTCAGGCATTTAATGAATCCAAATTTGACCT, 1.0,
CGGCGAAGATTACAGAGTACCGAACCTTCCGATAATAGACCCGAAAACATTGCCGAGAACGCGG, 0.0,
CACACAATGACATTTCGACGCCTGCAATCTCATGTCAACTGGAACTCCTGAATGTGCACGCGTT, 1.0,
CGTTCTTAGGTGTTGTTCAAACCAGAATCAACCCTCTAAACGCGGTAGCCAGCAAGTGAATTCT, 0.0,
TCTCGGGAGATGACACCTGATCGAGATTCTCATGTCACAGCAGCCTAACGATTGTCCGCATCAA, 1.0,
AAGGAGGGGGAGAGGGCTGGCTCAGCCGAAATAATTAAGTCCCCGCAGTGCCTGTAGCTGAATA, 0.0,
CAAAGCGCTCTAGAAACTAACCAACAGGCTCATGTCAGGGGCAACGGGTCCGCGCTAATACCTT, 1.0,
AGTCTTGGAAACTTAATCGCCATCATGGCTGTTGTAGTCGCGCGTCACTACTCATAGTCTAGTT, 0.0,
ATAAATGTACCCCATGAATCCCTAGGTGCTCATGTCAAACTTGAAACCTGACTCGTTGGTTGGC, 1.0,
CTCTGCTCTGATCTCTCGAAAGTCTCCTTCTAGCTCGGGATTCGGCCAGCACGCCGTCGGGTAA, 0.0,
TCGATCAGTGCCACCGCCGTCTAGCGTGCTCATGTCAGTAGCATCGATAAGCACAACCGTAATT, 1.0,
TTATGGGTAGGTAGAAGACTCCACATCGTCGTTTCCTATCAACGTGCATTGAGCAGACGATTGT, 0.0,
TAAGTATTCTCTACGGGGATTCGCTCCCCTCATGTCACCGGCACGGGTATCGAATCCGCCGTAC, 1.0,
TGGGGGAACGTAAGTGGTTCCTAGGTCATACATGTTCTTCATTATTATAAGACGGAATATTTAC, 0.0,
CGGACGAGACGGGGCTTGACAGCATGACCTCATGTCAAAATAATTCCAGTCAATCGACCTTTCG, 1.0,
GCCGGCTAGCCCTGCACACTGAACGTAGCGAGGAAAAGTGGACTAGGACAATCTAAAAGAGTGG, 0.0,
AAATCTCAGACAGATGGTGGGACTAATACTCATGTCATGTTCTTGAAGGGCGGCTTGCCGCTTG, 1.0,
GGCCCTTCCCCTAACAGACCTAAGCGCCATGAGGGAACTAAATACTGTCTCGGCATATGAGATA, 0.0,
ATCATTGAGGACGTTAGTGTCTAGTTCGCTCATGTCAATCAGGAATAATGACCTCTCCCGGTTC, 1.0,
AGGTCGACGCCACGTACACTTTCGCTTCCATCGGGCAAACTAACAAGGTCACTGACTCGCGTAG, 0.0,
AGCGCCCACCATAGAGTTGGATCATCGCCTCATGTCATCGCAGAAGGTACACTCTCGCATTACA, 1.0,
GCGTAATCTGGTGATATGACGCGCGCGCTCAGCCTCAATGAAACGAGCGACGAGTGACGTGCCG, 0.0,
TAGCTACCTTGGCTCCTTCTGCTGACTTCTCATGTCAGATGCTTTCGCTTCCCCCTCCCGCAAA, 1.0,
GTTTTTGCTTGCTAGGTCGACTGCGGCATTAGACGGTAATCGCGTTCCTAATCCAAGGCGACTG, 0.0,
TTTTGGACTTCGTACAGCAAGGCAGCCCCTCATGTCAGACACGGCTGGATTAGGGCGAGTGAGG, 1.0,
GCAGTGCGCTTTTTAGTTATTGACGCCTGATACTAATAGGAACCTTCCTAGGCAACATAACGAA, 0.0,
CGAACTAACACCCCGGTGGAGCATGCTCCTCATGTCATTATCTCATTACCCAGACAAATTCGAT, 1.0,
CGATTACCTATCGTACCGGTATCAAGTGGTGGGAGAAAAACGTGCTTAAGGTTACCCAACCCGA, 0.0,
TATACAGTGATGCTCTACTTGATCGACCCTCATGTCACAGGTAAATACAGGCGAAGTTACATAG, 1.0,
ATGCTGGGGTGCTCCTATGCGGGACTCAGCGTGCTTCCGTTCGGGTGACCCGAGTGTTCCCGTG, 0.0,
GTAAAGCTTTTTCTGACTCCAAGGGACTCTCATGTCAGACGTCGCCATGTGGTTGCTCCCAACA, 1.0,
AATGACACATGTTCTTAGCCTGGATAAGTATGGTATCAACTGATTTATGGGACGCTCATTGTCG, 0.0,
GAGGTTGTTAAGAGCCTGGGGAACCTCCCTCATGTCACCCCGGTCCTTCCTCACGAAAGCCCGG, 1.0,
GCCGACAATATCCGCTTTTAGGGCGAAGGCGCGGTAATAAAATGGCAGTCTCGCCACTATAACT, 0.0,
GGAAGACGGCGAGTCTACTAATGATATACTCATGTCAACTGGCAACCCGACGGAGGGCGTTTCG, 1.0,
TCACGGATGAACCTATCGCCGCAGAAACCGACAGGAATGGCATATGCCAGATGGGTTTTGGGAC, 0.0,
TCCCACTAAGAGCTTTACATGGTATGATCTCATGTCAGCTGTGAGAGGGACCTCGAATCCAGCC, 1.0,
GCCCACCTAAGCTAAATACTTGATAGTTAACATTTGGATCATTCGTCTTCTGTTTTCGACTGAG, 0.0,
GTACCAGGACTATCTCCGAAAAACATAGCTCATGTCATCGACGATGTTCAGCATTCTCCTCACT, 1.0,
CGTTATATTGGGCCCCCAAGATGCTGGTCCGTCTTATTCAGTGTGCATTAGTGGGTGTTAAGGG, 0.0,
AGAAACGCCTCTAAGTTCAGTTCAACACCTCATGTCATTTTCATATTTCCTGCAGTGCTTCCGT, 1.0,
AGAAGGACGACCCACCTCATACTTGCCGGTGTCTTTGACAATCTGTACTCTATCATTCATCCTC, 0.0,
AGCGAGAACGGAGCGTTGTGAACCCTACCTCATGTCAGACACCCCGCGGACGGCCAACTGTCTT, 1.0,
CAACTCTGGCGTATGTAGCGGCGGCCGCGGGTTGCTGCCACCTTACTCACATTGTGTATTAGCA, 0.0,
ATTACTGGAGGTTAAGAACATTCGTGCGCTCATGTCAACACTAATCGTTCTCCACTCTACTTTG, 1.0,
CCAGGCCCCTCGATAAGGAACATAGCTATCGACCGATTGCCTCCACTACACACATGCTAAAGCC, 0.0,
CAAGCGGACACCCGACGCCGGAAAATTCCTCATGTCATCCCGTTCCTGATACCCCAACATTCGT, 1.0,
CTCGAACACGTAATCTGGAAACAGGGTCGCACCGTACGCCGGGGAAGTAGAACTGGGACACAAT, 0.0,
CACGGTTACCTATTTTTATACATGCGGGCTCATGTCATAACCCGATTAGGTCCACTCCGGAACA, 1.0,
TGGCATCGCTGTTTATTAGTTTGGTCATGTGTTAGCAACCCCCAGCTAAGCCTCATTGGATTGC, 0.0,
TCCGCAATATGACTAACCGATAATCTTGCTCATGTCACCTCTATAGTAATCTAGAGGTAGTTCT, 1.0,
CAAATCTTTCTACAGTCACTCAGGATTAGTAGATGGGAGCTGGTGGCCAACTAACTGCATGTGT, 0.0,
TGTGGTCCGTTGCTGGGAATAACTTTGCCTCATGTCACTGCGAAAAGAGGGCGGTCTAACCCAC, 1.0,
AGCGTGCACGTCGTCCGGGGAATTCGACATATCCTCGAGTCAATATGTCTAGGTTGATAGCGTC, 0.0,
AAATTCGAGCGCAGATTCTCCATTGTAGCTCATGTCAGGAAATGAACCCCCTCTAACATCACTG, 1.0,
ACAGATCTTTACAGGTAATTAGGAGCTTGTGGCGGAGACGGCAGATCACTGTATTGCAAGGGAC, 0.0,
CTCCCGGTAAAGGCATTATTTCATTCTACTCATGTCAAAACGGCCTGAGGATTTCCTACTTAGC, 1.0,
ACCATTATTATCAGGGTATGCTGAATGTATCAGCCCAAACTTCCCGCCTGTACGCCAAGCTAGT, 0.0,
CTACTCGCGTGGGGCCAAGCTCAGAGTCCTCATGTCAACCAATGGGCTCAGTTGAGCAGTACGA, 1.0,
TGTACCTTCTGCGGTTCCTGTGGGGCTTCATTAACCATCGGCTAGCCCGACAGGTTTACCTCTA, 0.0,
AGTGTGACGGCGTGTATTGAGATTGCCTCTCATGTCATTAACATAGGGCTCTGTGGTGTAAGGT, 1.0,
ATGCCTCAACAAACGTAGTGTTCGATGCATCCCGTCCGGGTAATTGCCTGGACCGTATTGACAT, 0.0,
TGAAAGAGTAGTAAGGATTGTTTGACCGCTCATGTCAATTGCATAGCAGTCAGTAGTCAGACGT, 1.0,
TTCACTTACGAGTCCCCCACGCTACTAAACCAGCCGCATTCAGACAATTAGTAGATTCATTGGG, 0.0,
TCGATAATTAGACAGTTCAAAGAGGCAGCTCATGTCAGCGTTTTCGATGTCGGAGATGTTCAGC, 1.0,
ATACTCTCCAAAAATACATATGCCGTGTCGGGGTCATTACACTTTTTGAAGGTGTCCGGTCGGT, 0.0,
TAACAAGATATTAAGAGTAATGCGAAGGCTCATGTCATGGCTATTGATTCTGGTCACTAGGGAA, 1.0,
TGATGTTCTTGAGCCATGCAGAACGCCAGAAAGACTTGTAAAAATACAGTGTCCAAAGATCTAG, 0.0,
GATATCCTTACGGGGATAGCAATTTTTGCTCATGTCAAAAATCTTAGTATACATCTTCCCTGCT, 1.0,
AACTGTACTCCAGGGCCCATAGGTACCTACGGAGAGAGGACCGGAAATGATACCCGTATAAAGC, 0.0,
GTACGTATTTAGAAGGTTAGAAGAATTACTCATGTCAAGCTTAAACTATTGGTTAGTGCTTTGT, 1.0,
GCACAATAATGAATTGGCCATGCGCCTGGTGACCTTCTAATAGCCTTGTTGTTAAACCCTGTGT, 0.0,
TCGTGTGAGTATAAAGACCGTAGCGACCCTCATGTCACATATCTACCCATCACTCCGGCTCCAG, 1.0,
TCTACCCTGCCTAATGTTAATCAATATTCACTCCGCTGTGATCGCCGGAGCTTAGTCGCCTGCC, 0.0,
TCATGTTGCTTTTTAGCCACAGGGCTGGCTCATGTCAAGCGCCCGGCCCGGCTCTGTCACACTG, 1.0,
TTCTAAATCCTATTCGGCGCGAAGTACACCATATATCGCAATGATTTTTGAAGAATAGCTGACT, 0.0,
GATTAATCTGATGGATTTCGTCACGCCCCTCATGTCAAATGACTATCGGTACGCTTTCGGCCAA, 1.0,
CGGACGAGAATCCGGCGGATAGGGACTTATTGGTATGTGTGTGTAGGCTACTGTCTGTTATCAA, 0.0,
GCAATAAGGGGTAATTGGTGTTCTCGGCCTCATGTCAAATCTTTAGCGTGCTTTTCACCCCACA, 1.0,
ACTTTGGAAGATGAGATTCACTCGCGATGGGAAGTCTGTTCCAACACGCCAGACAACATCCCGG, 0.0,
GTGTAGCTACTTGAGACAAGGGAAAGGGCTCATGTCAAGGAGATCGGCCGTCATCACACTGGAC, 1.0,
GCGTCAGGATCCTAGCCTGCGATTCTATATGGATTACATGACGACAAGAAGTGTGGACCGATCC, 0.0,
GAAAACTGGTGTTCGCGGCCGTACCGCTCTCATGTCATATCCGCGTACCTGGTTGGGTTCTGAC, 1.0,
GCGCCTAACGCCATCTTCTCAAAGACTCATCAAAGTTCAATTGTACCGAGCCAGAGGACCAGGG, 0.0,
TTCCGCCATCGCTCTTCCGATTGGCTTGCTCATGTCATTCGAGTCGAGGTTACCGATTTACAGA, 1.0,
TATAGTCTTGAACGACAGCGCGTCACCCGCTATAAGATAGGTGTCGTCTCGAACTGCTACGTCA, 0.0,
GACTCTTTCCGTTGCCTAGAACAGAGATCTCATGTCACCCCTGGCCCTACATCACTCGACCGAG, 1.0,
ACATGCGTATGTTTTTTAATACCCTGTCCAAGAGACTGGCCGCACCACGACGCCTTTCGGCTGC, 0.0,
AGCACATCCTACACAAGTCTATGAGCAACTCATGTCACGGGAGTTATAAAGTACTAAAGCCAAG, 1.0,
CGGGACTTTAAACTCCAGGCCCCGCGGCGGGACGAGCGCAAGTTTATCGGCATGGGCATCACGG, 0.0,
CCCGTTAGCTGACAGGGTCGTGCTCCTGCTCATGTCAGTGATCTCTACTACATATGAGCATTTC, 1.0,
CGTCACGACGAAAAAAGCCATCGCTGTCATTTAAAGACGTCTAGGTCGCCGTCCCGCCATTTTT, 0.0,
ACCGGGTGCGACGAAACAATAAAGTGTGCTCATGTCACTGGGCACTCCTGCTTCCCTCGCAAGG, 1.0,
CGTAACCTATGCTCAGGAGTGATTAAGAAAGGACTGTGGGTGGGAGCTCTGTCGCTACGTGTTG, 0.0,
TTATGGATACCTCGCGCCCAGAACTACGCTCATGTCAGACCAGTCTTACTTATCGTATAAACGG, 1.0,
GATCGATGTAAATTCCGCGTTAGGCCTCGACCCTATGCCTAATGAATTCCGATGAACAGGTGAC, 0.0,
TATGGTGGCTAACAACGTCAACCTGTACCTCATGTCACAGCTGCACGTGCTAGCGGCCCCATCC, 1.0,
CGTAGGATGCCGTATGTCCCTTGATGAGAAGAAAGAGGCTTCGTCCTACAATGTATCTAACCCC, 0.0,
AATTTCTACCATACGAAGTTATTTGTCCCTCATGTCACTACGAATTTCCGATGGAGAAGAACGC, 1.0,
GAAGGCGGTGCAATTTAACATATCGGCACGCTTAAGCACCGTTGAAACTGTTGTGTCGTGCTAG, 0.0,
CATCCAATCAGGTAATGACTGTTCGCCCCTCATGTCATGAGGTTCCTGGCACGTTCGAGTAGCG, 1.0,
GACTTTGTCATTTCATGTTTACGTATCATTCAGATGCGACCTGTACCGGCGCTCAGCAGAACGA, 0.0,
TAAACATGAGACACAGCTTGCCCATTTCCTCATGTCAGCCCTGTCTTGCTTACACCCGCCCGGG, 1.0,
CACTCAATTCTTATTGACAGAACTCGGGGCGTTCGTCGCCCAGATGGTACAGACCGGACCACAG, 0.0,
GAACCGATGGGGTATTGCCTTGGATGATCTCATGTCACGTTAGGAACAAGCATCAAACCCTGAC, 1.0,
GCGTGACATTTAATCTTAATGTCGGCTGCGTACAAACGGCCCGGGACTGAACTATAAGCCGCGG, 0.0,
TTTGCCTGCATCACTACGAATCCTCGCTCTCATGTCAGGCCAATTCCGCGTGGGAGGATCCACT, 1.0,
CGAGCTGGGTTTGGCTATGGTGTACTACCGCTCCGGCAGTCATCGCGGACAAAGAGGACGAATC, 0.0,
TGAGCGAAAGAAACATCCTGGGAAGAGCCTCATGTCATCTAAGATTTGTTATGTGCCCTTCCCA, 1.0,
GATCACCACTGAGAAGGATTGCAATGGGATTAGCAGGCTATTCGTAGCCTCTAGTATGCAGGCG, 0.0,
GGTCCGGATAACGATTTGCACATTGGTCCTCATGTCATGTTTCCATCTCACTTCTGCCACGGCT, 1.0,
CTGAGGGACATTTGTACCCCATGATCTCCTCGCGTCCTTGATGCAGTAGCTCCGTGATAAGGTC, 0.0,
TAGGACGCACCTGGTATCATCCATCTTGCTCATGTCAGTTACCTTTGCGGATACTAATCCCGTA, 1.0,
GCATATTGCAACTCCCGCTGATCCCAGCTCGCGACGTACGCTTATCTATATGCTGAGACTAGGT, 0.0,
ATAGGACGAGCACCCTACTACCCTCTGGCTCATGTCATAACGCCAGTAGGTCAGCGTCGGGGTT, 1.0,
ACCCAGTGGGTCAGACAATTCCACTTCTCCTCTTATAAAATCGTGGGCCCCGATTGTAATTAAA, 0.0,
GTGCTTGTACTGCGAGTAGCCACGAAAGCTCATGTCAGGTATGCGAAGGTGCGCTGGATGAACA, 1.0,
ACGGCCGCATGCAGAGAAATCCGCCTCTTGCTAGAGAGCCCATAGATCCCTTAGACTTTTTCAG, 0.0,
GGCCCGGGCGAGGTGAGCGGCGTGGCCGCTCATGTCATGGCGACAGGGATGCCTAGTGGCTGCG, 1.0,
GCGCAATGCCATAAACACGGCTAAAGACCTACTTTGAACTATATTTATCATGCTTGATGGGTAC, 0.0,
AGGTACCGATAGTACTCATGGGTGTCGTCTCATGTCAGCCTCCTAAGACCCGCCGTTTAATGGT, 1.0,
GTCTTGTCCAATTCCCGGTGCTAAGTCGTACCCTTAGTTGCCTGACGGACGATTCCATACGGTA, 0.0,
CGCCCCTGATTATACGTCCCGGCTCTACCTCATGTCACTATCACTATGAATGCGGGGCACCTGA, 1.0,
GATTGGAGAGAATGTCAGTATCTGCCAGTTTATAAACGTTGCTCAGTGGCCAGGGTATCACAGG, 0.0,
CCAGACGGACGGCACCTGGAATTCCCGGCTCATGTCATGAGTGGACAAGAAAAGCGTCGTAGGG, 1.0,
TAAGAATAACATATCGTTGATTTGCCTAAGAGTGCAACCCTTGATTTAGCTTACCAAGATTCTT, 0.0,
GACGGGTTTGTGCGAGCGAGCCGACTGGCTCATGTCAGTTAGAGTACATATTCAATTATACGGA, 1.0,
TATTCCAAGCGAAGAACCGCAGACGATTGGCTTCCGGGCACGTCTGACCAGATCAAGCGAGGCG, 0.0,
GTCAACGTCGCACCGCTATTGCAAAAAACTCATGTCACAGCCCATATACTCAAGACGTCTCTAT, 1.0,
TACGCAATCCCGGTTGATTTCAGAGAATGATTCTAGTGCGCTGCCCGAGGTTAGCTGGATTGCA, 0.0,
GGAATGCTAATTTATATGCCTCACGCAGCTCATGTCAGTTGTGTGGACTTCTGGGAGGCGACAT, 1.0,
CGGGGTCGTCCTTAGTCGCCCGGCGCTGACCGTCAGAAGCTTATAAGAATAGAGTATTGTTGTG, 0.0,
TTTGACACGCTGGCCGGTACACGGACCTCTCATGTCAACTTCATCTAGAGCGTCTGCGGGAAGA, 1.0,
ACCAACGTTACACTAGTGAGTTTGTTGGCCCCGTACTCTCGTTCGTAGCCTTCAGATTGCATTG, 0.0,
CATTAGAGGAGATTCTCTTCTCATAGCTCTCATGTCACGACGAAACTCTGGGCATGGATAGGTA, 1.0,
ATAGAGCTTGATAAACGTGAGATTATGGTTAGTTCGAACAGCATAGATGTCGAATCCTTTATGT, 0.0,
GCCGGATCGGCTAACTGTAAGTAATACGCTCATGTCATCCCTCCTCAGCCCAGTATACAGCGCG, 1.0,
ATTAAGACAACGATAGTAGTCACATGCATCGACCATTTAACGAGAAAAGTCAGTTGATCAATAC, 0.0,
AGACATAGGTCGTATGGCAGGCCCCTTGCTCATGTCAGTGATACCCGGCGATCAGTCGTCCCCC, 1.0,
CAATCGGTCTACCATCCCTTTGACCTAGCATCGCGGTAGCGCAGCATAAAGTCCCGGGGCAACT, 0.0,
GGTCATAGATCAACACCATCTTATAGATCTCATGTCACCGTTACCGTAGTCGCCACCCGTCCGC, 1.0,
TCGGTCTTCTTTTACAGTAGGTACACCTGCTTGCGAGAGATACCAGGGAATCTGTAGTCAAGCC, 0.0,
CTAATCGAAATCTTACTATAACCAGCTACTCATGTCAGTGCACTATTTTCGTAGCACATATTGT, 1.0,
TTTTCGAACTCGTGATAGGGGCCGCAAGTCCTGACGTATAACACCGGAGCTTATTCTGGCCAGA, 0.0,
TTGCGCGTATTCGGGGGAAGGCCGTTCTCTCATGTCAGAAATAATTTTTAAACGCTCGTAACCA, 1.0,
CTCCCCCCCAATGTATCGTATCCATGTCAAGTACGATGTAGACTAAGAGCACCACTGCTTTCTT, 0.0,
GTGATTCCGGGAACCTCGGAGATTACATCTCATGTCATGGCCTCGCTAACAAATATTCATAGAT, 1.0,
TCCATTCTCCCTCTACAAAGATTCGAAGGTGATTATGTCCTCGGCTCTCAGTGTTCAACCAGAG, 0.0,
ATTACGGACCAGTGCTGCTTGGACTGAGCTCATGTCATCGCCCAACCTGGCGTAACGATACGAT, 1.0,
GATCCCGACGTCATAGATCGATCCCCTCATGTAGATGTTTACACTTCCACGGTGGCGGAGGGGT, 0.0,
AGCAAACTCGCGCGTAAGGCATTGTCCGCTCATGTCATCTTGCGCAACTTCACATTTCGGTGGG, 1.0,
ACTAGCACTCATGCTCGTATAACGAGGAGGGCTTGCGTAACTATTTGTGCAAGAAGTAAGAAAG, 0.0,
TCCTTCCTTCGAATCTGGGTGTCTATAGCTCATGTCACTAGTCCGCTGGTGATCGAAACCCTAC, 1.0,
TCCGAGTGACGGACTAAATATCATAAGCTCAGAGTAACGCGGGAGCAATCAAGAAACTATCGCC, 0.0,
GTGATGTCATAGGGCGGGAGACAAGGGGCTCATGTCATCGTTAGTAATGATATTTCTTATTCCG, 1.0,
TTTGACGGACTGCTAGACCGGTGCGAATGGAGGCAGTCGGAATCATTGCATTGTGGGGTTTCGT, 0.0,
CGGCTTAGTCCATTTAAGATTGAAGCTCCTCATGTCAACCATTATAGTTCGGGTCATGCTCTCT, 1.0,
GGATCTTTCATTTCAGACTTTGATCGATTGGGTCGCATCGTGGGCTGGTGCTATTACTGGAGGC, 0.0,
TCAAACATCTGAATCTACAGCCTTCATTCTCATGTCAAACTGAGACCGTTATACTGAATGGCAT, 1.0,
GCGCCGTGCGAAGGGTCAATTAGACGGAAACTCACCCATCAGACCCATTGATACCGGGAGAAAT, 0.0,
ATACTAGTACGGACGGCCTCAGACAGTACTCATGTCACTGTAACGGGTTTCTACTAAATTTCCA, 1.0,
CCGGTTGATGTTCTATCCCATAGTTGTACTACAGACCTAATCACGGTCGCGGGGATGCTGACCT, 0.0,
GATACGAGCGGAACCCAATCTTTAACACCTCATGTCAATGGCTAGGTGAATGAGACGCGGAGAA, 1.0,
AGGGTAAAAAGCACCAGCTCTGAATGCGTGTATTAGTCGGGCGAGTTTTTAATAAGGTGAGCAG, 0.0,
GGCAATCTTGGTGGATAATACGATCAGCCTCATGTCATGTTGCTCGCTAAGCCTGGACTCATCT, 1.0,
CTGAACACAAATTTCGAATACCATTCTTGTCCTCCCAGGAAGGCAGTTGACAGAATATCACTTT, 0.0,
TCGTTATGTCGACCTTGTACGTATGCATCTCATGTCAAGGCACGAGGAAGAAACGTTAGTCGTC, 1.0,
ACCCTAGTTGGACTGTACGAACTACAAATTGTATCAATGCCCACGACCTAGGCCATATCACTAC, 0.0,
GGCGGCCAATTTTTTCTGTTTACACGAACTCATGTCATTTTGGAATCCGCGGGGACGCAAAAGG, 1.0,
TTGACCTACTTAAGCTATTAGAACGAACTATCACAGTGCCCACATCTTGGCACGCGCGTACTTA, 0.0,
TCTAGGCCTATACGCCCGCCATGAAGTTCTCATGTCAGGTCCACGTAAATACAATTCTTTCGGA, 1.0,
ACCGCGATATGTACTTTCCGTGAGGGCCCGTAGTCCGGGATACCAAGCGGTTGGCGTCCATTTT, 0.0,
CCTAGTAATGACGGAAAACCTGGGGTAACTCATGTCAGGAAGGCAGCACATGGAGCTGAGCGCC, 1.0,
GCTCATCCTTGCACTTCGAACCGCAGGCGGTTGACAAAAGGGGCTGAAGTGTCTAATTACCTTC, 0.0,
ACTGTTACGCTACTTTGACTCACTATGTCTCATGTCAAGTGTCATTCTTCTGGAGGCGAGTACA, 1.0,
GATGAACTTTTCATACTGGCGGTATTGACCCTAAACCCAGATCACGGCCCGGGTGTGCTGTGAC, 0.0,
TCGACCTAGACCTGTCCGAACTTTTTCCCTCATGTCAGCAGAAAGGACAGAGGTGCAAATTGAA, 1.0,
CGAGTCCACGAGCTACGGGTCATCTACGATAACACCGTAGGACAGGGCTGTTGCCCCTGCGTTC, 0.0,
CCCTCCAAGGTTCGAACTTAGGGTGGGGCTCATGTCAGTGATGAAATCATGTTAGTCATATGGC, 1.0,
GTATCACCCGTTCGTCCCGGATTGGATTGAAGATAGTATAAGTGGGTCCAGATGTAGCACTGCT, 0.0,
CAGTACGAGGCTATTCTTGCCTTTGTTTCTCATGTCATCATCGCTGCATTCTGGCTAGTCTAGA, 1.0,
CTTCGCTGACTGGGTAATTCCAATTGAGATTTGGCAGCAGCCCTACCACGGATCATGAGGTCTG, 0.0,
ACCGACCTAAGGCGAGGTGGTAGCCGATCTCATGTCATGATCGCGCGAACGAGGACGACCGGAG, 1.0,
GACAAACCCAGCATTAATAATGGTCCAGCTGTGAAACTACTCGCCCATGACAGACTTATAGCGT, 0.0,
CGCATCTCCTTCTCTAGATTCAGCCAGTCTCATGTCAGCGACAAGCGCCTTTAATGTCGGGGCT, 1.0,
GACACACCGTAACCCATGAATGAGACCGTTTCTGTGATAGGTGTTGAGCCTCTATCTCGATTTA, 0.0,
TTCGCGTGGCTCGGAATGTCAGGGCTGACTCATGTCAAAACTTCATCAAACTCGACCCGCGTGA, 1.0,
CGGCGTGCCTGCGCGTAGGACCCAAGTATGGAACGTCAAGATATGCACCTCCACATTAGCGAAG, 0.0,
CGCAAAGAATACCAGACGCGCGGATAGACTCATGTCAGTATACGCGGGCCTCCGTAGATATTGT, 1.0,
ATCCACCAGAATGCCTCGTGCCACGCTATTGATGAGCCAGACAGACTAACATTCTTTTCGTGAC, 0.0,
CAAGCGATTAACCCTGTGGGGCTATGGCCTCATGTCATAAAACGTTTAGTACTTTGCATTTCAG, 1.0,
CGGGCACCTTCGACCAACAGGTGCTGAGCACCTAATGTTGCTTTAACCGCTCTCCTAAACGCGA, 0.0,
GGTAACAGCATCTACTCGGGTTACTGAACTCATGTCATCAAAAAGACAAGGTTGGCGAGCGATG, 1.0,
TCTGACATTGATGTGTCTCGAGACCGTTCGGAGTGTATGCGGATACTTTGGTATCCGTTGAAGA, 0.0,
TTGCTAGGCTGCGGTCCAGAGGCAATCGCTCATGTCATGGCAAGCAGGCCTTACGTTGACTCCC, 1.0,
CGATCTGTCAGGAGTGAAGTTTACTGTCCGGGAGGCGTTAACTTAATTTCCAGAAAGTCAGATG, 0.0,
GGAAGACACTTACAGTGCGAGATTCTGGCTCATGTCAGTTAGAGTACCGGGCTTGAGGCATATG, 1.0,
CTCGTGCACGGGATATGCTCCTTTGACGACGCTTTGAAGGTCTTGCCTCCTGGGGTGGTTCTGT, 0.0,
ACCGACGCAGCTTGTGGTGTAATGAGTGCTCATGTCATGCTACTTGTATAACAGCGCGACAAGT, 1.0,
TATGCACTGGGAACTAATAATCTGGCGACCTCTCCTGGCGGGATCCGCGCATATATATACTGGT, 0.0,
CCTAGCGAAATCTACATGGTTTACGGTACTCATGTCAAACAATAACGGCACATAGCACTCCGAG, 1.0,
CGGCAGGCCTGCCACTTAGTGGGTGACCGTAGACACCCCGTATGCTGTGAGCCGTGGGCCCCAA, 0.0,
ATATGGGCCGGACTTCACGAAACCCAAGCTCATGTCACCACACTCTTCGTACTACTGGAAGTCC, 1.0,
CGCTTGGCGACATGCCCCCACTTATGTCAGCACACTAATAGTCGGCGACAGACCAGGTCCGTCC, 0.0,
ACAGTTCTATATTAGGCGTGGTTAGAATCTCATGTCATACTAGTAGACCATTCGAGTATTGTTC, 1.0,
AGGCGTCTTTAACTTGATGCGTAGACTAGACCGCTAGCGCAACGCAAGTGAACCATGGCGAACG, 0.0,
GAACATTGTGGGGTGTACTACCCCGTGTCTCATGTCAGTCTGATCGCTTAAGCTGGAGTCGCGA, 1.0,
TCGCATCGTTCTCCTTCCTCTTTCGGGACCCAAGCTTTAATTAGCAGGACTGAGTCGACAAACT, 0.0,
TACTTGAAGTCAACTACGGCCGTGCGCACTCATGTCAAGCTAGAAGTCTTCTTCAACAAATCGA, 1.0,
GCCCGTAAAGACCCTACTGGTAAAAAAAAGTTAAGGGTCGGTTCCAGCGCAAGTAACGTTCTCG, 0.0,
TTTACCACTAGACCCTATCCGTTGCGTTCTCATGTCAGTCTTGGAGATGTGGAGCTCAAGCCCG, 1.0,
CCCGCCGAGTTGCAGTGGTGCAGGTAAGCTAGCGGGAAAATTGCGTGCCTAGTGTGCTCCTTCC, 0.0,
GGAGGTCGTATCTTGCACAGTGCAAGGGCTCATGTCAAATAGTGACTCCCTTACCGAGCCTAAA, 1.0,
GGCATTGGCTCATCGAGCTATAGATGGATCAGAGAAAGCAGACCGCGCTCACTGCGCATCATGC, 0.0,
GAGCCTCAGGAAGCCAAATTTTGGAACACTCATGTCAGGTTTTCGTACTCGGTAAACTGGTGGG, 1.0,
ACCGTTGGGTGTCTAACTAGGGTTCTACTCCAGTACTAGTCTCGCCCCCCAGGCACTTTCATAA, 0.0,
GATGTGATAGACCAAATCTCATCCTCCTCTCATGTCATGTTTCACCAATGTCGAAGGGGAGTGT, 1.0,
CCACATCACAGCGGACAGTACAGAAGGATAGGAATTCGGTCCAAGCCCTTGATGGCTCGTGCCA, 0.0,
ACCTCCATTACTGGGGCCAACAACAGTGCTCATGTCAACTTGAACCAGGGTCTTGATGGACGAA, 1.0,
GCTTCAGTATCTCCGCTGGTGCGATCGTATCGCCCACCAACCTGAGCCTGGGGCATAGACGTGC, 0.0,
CCCAGAGCGAATAGAGGGATTCACTTAGCTCATGTCAAATGGGGTCGCTATCCTTGGTTAAAAA, 1.0,
CGCATTTTCTCGCACATGATGTTGCGTCCCTAAAAACGCGTAGTAAATACGGTGATTGGGCATT, 0.0,
GTGTGACGCCTACGTACATTTGGAGTCGCTCATGTCATGCTAGTCTCCCGTGACCACTTAGATC, 1.0,
TGAGGTTCCTCGACATCCAGTCCCTGCGAACAAACCCTAGTGTGGACGAGATTAGTGATTCTCA, 0.0,
TGGCCAAGTCGGTTTCTGAGCTTAGGAACTCATGTCAGGAGTGCCAGTCACGGCAAGAGCTACC, 1.0,
TTATAGCAGGGCAAAGGTTGCCCTACGAGCTCGGTGCCTGACCAACTGGTATCAAGTCACAATG, 0.0,
ATAACTCTGGGAAGCGCCCCGTAAAGTTCTCATGTCAGCTTGCGAGAGGCCAGCCTTGGCCATC, 1.0,
TTTGACGCACGGGGAGCGCCAATTTGCCTGCTGCATGTAATTTAGGGGTTACTGCCTCCAGAGT, 0.0,
GTAAAATCAACTCAGTATCACTAGTAACCTCATGTCAGGTCTCCCGATTACAGTTATCTCTTAT, 1.0,
TGATTAATCAATTAACATCAATGAGGTTGTGGCGGGAGGTGAATCGAACTTGAGCCATGTCGTT, 0.0,
ACCGTCTGAATGAACTTTTCGGCCGATACTCATGTCACATAGAGGATCGATGAATGGGCCTTGT, 1.0,
CATGCCTGAGCGGAGAGAGAGCTGCGATGTATCAGCGCAAGTTCCGCAGTGTAGACGTCGAGAC, 0.0,
GAAAAGTCAGTCTCGGGAGACCCGACCCCTCATGTCAGGGCACAGTGGGGTGATAATTCTGCAT, 1.0,
CGGGCTTATGCCAGTCACTGCCGCCGCCAAGCCACATTATGGCTATTGGCACCTGAACCTAGTG, 0.0,
GACACGTCCAGACGACCTTGCAAATGGTCTCATGTCAGCACTCTACTGCCCTCAGCCTCTGTCG, 1.0,
CGCGGCTAGTTATTAACATAGCTTCTGAGGTAATGGCCGGCAGTCGCCCATAGACGCCGACGTT, 0.0,
GGACGCTGCCTACACAGTGACCAAAGTGCTCATGTCAGTCGATTGACAGTTCTTCCAGATGCTG, 1.0,
TCCATTTACGCCTAGAATAGGGCTAACCTCCCTTGATCCCGTATAGCAAGTGAATTGTGTGAGA, 0.0,
TACTGTTTCCCGAGTGTCGTAACCTTTGCTCATGTCATACCTCCTTTCGCGACTTTGTTATTAA, 1.0,
AAATGAAATAGCATAGAACTCTATTTAGACGCCGTAGTAAAACACGTAGTCGACAAGGATAATT, 0.0,
CTTCCCGTTTGTGTCCGCGCGATGATAGCTCATGTCAGCCAAGTGCACCGCGTATGACATAGAA, 1.0,
TAGACGAAGTAAACAACGTGCATGAAGAGTGGATTATGGGCACGCCAAAAACTTGTCCCAGCTT, 0.0,
TAAGACATAGCTCCTGCTTTAAGTAATTCTCATGTCAAATTGTGTTGGGCATGGGCATCTTCCA, 1.0,
AGCTATATACTTTGTCTATGAGATATGCCCACTACCAAGCGAAATCAGTTCAGGAAAAACTTAA, 0.0,
CGCAAGGATTTCACAAACGCTCGATCTCCTCATGTCATATAAACCAACTATACACGCTATCCAG, 1.0,
ATCATGATGAAATCCCCGTGCATAAACCTTAATCACGTACGTGTCCTGCCAGAAAGGCCGCATG, 0.0,
CGTGCCTATATGAACGTGATTAGTATGGCTCATGTCAGGGACTGTGGTGGGTTAGTGGTGTCTA, 1.0,
GAATGAGTTCCCCAAAGGTAACCGGCGGAGAATCCCTGGGCCCAGCTTTAGCTCAACCAGTCAG, 0.0,
CAGTGGTATCGTACGCCGTACGCCGGCGCTCATGTCATAGAGTCGAAGGATATTTAATGCCTGA, 1.0,
TGAGCACTTAGGGATATAGGCGCACAGAGCTCCATTAGGGTTGGACCACTGCCTGATTAGCATC, 0.0,
CGACTTCCGTACAGGTAGAAACAGGATTCTCATGTCATGCCTTATTGAACCATTGACTAAGTTG, 1.0,
CGTGAGCAGGGTAAGTCACTTTACAGCAAGCATGAGAGCTGAGGACAGTTCGGTAGAGAGAACC, 0.0,
CTCCGGAATAGACACTCAATAAGTTCACCTCATGTCATCGCGGTAACTTGGCCAACCACCCGTG, 1.0,
GGGTGCCTCTGATACTGCTGGCGGGGCACCAATGTCCAGCGTGGCTGGTGCGCATGATGTCGGG, 0.0,
GTAGTTCAAGGAAAAGCTGGACGGCTATCTCATGTCAACCGCTAGTCTGCTCACGTTTTAGGGC, 1.0,
ACGCACGTAATTAAACACATGCTGTTCAGTCTGAGAGCTAGCTAGGAGACTTGGGACTCCGACT, 0.0,
TTTAACCATTGAATGGGCTGCTCCAAGGCTCATGTCACGCGCCACGGCATGACTCTTCGACACG, 1.0,
AGCAAGTATAATGCGGCGGTCATCTATACTCGATAGCGGGAACACCGATCCAACAACACGCGTC, 0.0,
GTGTAGTCCTTTAGGAAGTCGAACTATACTCATGTCAACTGACCCTTGCACGCGCCTTAGCAAT, 1.0,
TAGATCACTTTAATTAAGAGCGACGCGGGAGAGAAGGCTGCGCTTCGCAGATTTATCAAAGACT, 0.0,
GTAGGCTTCGTTTGATTTGTAAAGCTATCTCATGTCATTCGCTTCTTCATCACCGTTTTTGGCG, 1.0,
TTGAAGTAAAATACGCGGCGACGATACTGTTAAACTGTAACCCACAGAGTGTTTTGAAGATTCT, 0.0,
CATTAACGCTATCGATAGTACGCAGATCCTCATGTCACCCGGCTACGAACTCCCTGGGCTACTC, 1.0,
ACCCAGTATAAGTTATTATATTACGCGCGCTTGTAGCAACGATAGAGCCGATGGGGCCGGATTC, 0.0,
TTAGCAGGGCGCACTAGAGGGCTGTGAACTCATGTCATGGGCCACCAGCGTAAGTCGGAGACCA, 1.0,
GTCCTTACTTCCGTTTACGAAATCCTGGGGAAGAAGTGGTTCCTCCCGGCCTCCTTGCCCGTTA, 0.0,
GCACGTCTGCCATCATGCACTGAAGCCCCTCATGTCACGTTAGACATAGTACTACTCCCAATTT, 1.0,
ATGACTTGCGGGCTAGAGCCGAACAACTATTCGGAGGGGCAAAATGGGCGACAACTTATCCTTG, 0.0,
GACCAGCTATGGGAGACCTGCGCATCACCTCATGTCAATATACTATGGCTTGGTGCCCGACAAG, 1.0,
CGATGCGTTGCTGACGGACACGTTATCAGCGGATGTCACCTGCAGGCTAGCTAGAAGCCGGCCC, 0.0,
TGACACGCGGTCCTTCAGCAAAAAGACTCTCATGTCAAAGGCACCCTGGAATTGCTAGTCTAAT, 1.0,
GACCTCATGCGAACAGTTTGTAAACATATAGACATAGGAAGTGTGAAGGGAGCATACCTGCTAC, 0.0,
GGGCTTCGATGCAGTACGTGTGCCATACCTCATGTCAGGCCGTGCGGCTCGCGCGGTCAAAATA, 1.0,
ACGTTTTAAGGGGGAGCAGATCGACATGCGTGTCATTCCTCTATACAATTATACAATCCAACCG, 0.0,
CAACATTAAGAGCAACATGTTTGGCTTACTCATGTCACACGCGCGATAGGCTCGGCATGGCCAT, 1.0,
TACGGCTTTCACGAAACCCGGAGTCACCGCAATGGATGGCAATAGATGCGGGTAGTGTAACGTA, 0.0,
GCCACAGGCCAGGGCACAAATCCATTCACTCATGTCAGTCGGCTCTAATATTAAGCTGTTGAGC, 1.0,
TTCGCCCGGTGTAGCTTCCAAATGGGCTACTATACTGTTCCGCATCCTTTGCAACTATACGGTT, 0.0,
TCTTGGCAGAGTGGAACCTGCGCACACGCTCATGTCACATGGATACTTAGCTGCTGGGCCAAAC, 1.0,
GCGTTATTCGTGCGGCTGACCCTGCGCCAAACGAGGTGTAATTGACGCGGGACCGCTTATCATT, 0.0,
ACGTGGTATAACAACTTTAATTATGAAACTCATGTCACATAACCACCTATCTTTTCGACTATTT, 1.0,
TGAACGCTGAACCTTGGAATCTCCAACAGCCGACTCGGTATCAGGATCACCCAAGATTTGCGGG, 0.0,
GTGACGTAACACTTTCAGAAGATTAGTTCTCATGTCAAGGCAGCAAAAGTGAGGCGCTGGCCAT, 1.0,
GGCACGGGATGCTCTGCTTTGCGCGCGGCGTACGGACATGTGCCCAGATCTCTAACGTTTAACC, 0.0,
ATTATACTCCGTGTAACTCCTCCAGGGTCTCATGTCAGGCAAGATATTAGTCGGCTCCAATAGA, 1.0,
GTGTAGATTACACCCATCGGATTTGCTTGGCTGCATATACAAAAAAGACTCGTATTTATTATAC, 0.0,
GAGACATTACGTATCGGAATTGAGTTGACTCATGTCATCAAATGCCAACACCAACATATGTTCC, 1.0,
GAGAAACCGCCGGTCCGGAACGAAGTTTGCCGACCGACAATAGGAGGAGAACCGAATAGGGTAG, 0.0,
GCCTGCACGATCGGAAGCTCCATATTCTCTCATGTCAACTATGGATATGACACCCTATTAAAGG, 1.0,
TGGCTTAGCACCATCAGTTGAGCCGCTGACAAATTGTTTTCACAGCTCAACAGTCCGGGTCATG, 0.0,
GGAGCGTCGCCCAGCAAAGGAGCTATCCCTCATGTCACAAGAATAGGGACGGTGGCCGCTACAT, 1.0,
AATCACCAGCCACCCGCGTGTGGGGTTTGTCAGGGCAGCTCAGCCGGATAAAAACGCGGGTCGG, 0.0,
GGGGTCAGACGTCATATCACTGATTGGTCTCATGTCAGTACCTTAAATCTACCTGGTAAGTGGG, 1.0,
TGGCGGTTAGTTTTCATTTCTAGATTCAGAGAACGGTCTTCCTCTACTCCCTCGACTGGTAAGC, 0.0,
CGGAATGTAGTCGTAAATGCCATGGTCTCTCATGTCATTGCCTGAGGTAACGGGAACTGATGCC, 1.0,
TTCACGGGCTGTGCGAGTGCAGTATAGAGCAGGCCCTTTGTGTCATGTTTTTACGGCTACCATT, 0.0,
CACGTATCTAGGGCAAACGCGCCCTGATCTCATGTCATACCTGAAGACACGTTAACTTAAAAAT, 1.0,
CCGCCCAATTCGAGTACTTATCAAAACTAAGACTGCCCTGGATGTAAAAGATAATGATGAAAGA, 0.0,
GTACGGATATGACCGGCACCGAGATACCCTCATGTCAGTTGCCCCGGACGGCATAAATATGATA, 1.0,
GCGGTGCGGTGAGCCTGGGATCGTTTGCTTGATATAATAAGCTTGTAGGTGGGACCAATAGTTC, 0.0,
GTTCTGTCCGCGACGCCCTCGGAGACTGCTCATGTCAGGCCTCCAAAAACAGGATATTATTAAA, 1.0,
TGGAAAGCAATAACTTCGACACATGAATCTTTATTCTGTTTCACGCTTGGTCGACGAGTACCAG, 0.0,
TACCGAACTTACTCTGGACTCAGACATCCTCATGTCACGGTAGTATTCGTTCGGGTTTGATCGA, 1.0,
AGGTGGAAGCCTGTCCGTTATGTTCACGTGGGCGGCCTTATGTATCGCAAGTAGATAACCTTCA, 0.0,
CCGCCGTTCTGACATCCGGTGAAGCTCGCTCATGTCACTGCTACGATATTGGGTGAGTATGGTC, 1.0,
TCTTTGTAGCGTCCATAATATGTTATCCCTTCAGGAGTTCATCTCACACCCAGTCTCCACATGT, 0.0,
TTATAGGCCGGTAGGTGACGCTTCACCTCTCATGTCAGATAGTGAGAAACGGTGTCTATCAGGC, 1.0,
CCAGGCAGGCTAGTTTAAACCTCAGTATTGACTGTAGCCTGTAACGAAATCAGTCCTGTATGAT, 0.0,
GTCTTCTGTTTATAACACAGGTGCAGCGCTCATGTCAAAATCATGTTAATTGCACGTTGTAGTG, 1.0,
TCGGACTCGACTTAGCAAAAGTATAGCTTGAGACCAGTAAATTTAGTTTAAGCGCTCTCCGCTT, 0.0,
CTTGTGTGACTTGATTGAGATTGCGATACTCATGTCATTTAAGCCCCCGTCAACCTGTTAAGTA, 1.0,
TAAGGAGTCTTGGTAAAGAGTCTTTCCGGGTACACGCTACCGTCTTAACCTCAAGCGTCGCTCC, 0.0,
TCAGATGAATTCAGATTAAATTGAGGGGCTCATGTCAGAGATCACCGTTCCGTCGCCCGAATTC, 1.0,
TTTAACAGGGTTTGAACTATTCTTGTCCGTTGGGGCACGGAAGCGTTTCAGCCTAATAGCGTTA, 0.0,
CCTAGTGCCGCTACGACCATCAAGTGAGCTCATGTCAGTTGGTTCAGCACCGAGCACCCTGCGC, 1.0,
GTCATGCAAACTTTCCGAGTCACTAATCCCCATTGGTACTGGTCCGTAACGAGGACCCACGGAA, 0.0,
GGGGTGTCTGGGCATCGAACGATTTTGCCTCATGTCATCCCCTCAGCCGTGAAAAAGCTTGGGA, 1.0,
CTTTGAACACAGCCCCGTGAGCCGATAATCAAGGCCCGAAGGGCAAGCTTGTCAGCCAAAGGGT, 0.0,
AGGTGGTGTACGGTACATCCTTGCCGTACTCATGTCATCTCCGTACGACCGGAACCCCCAAAAC, 1.0,
AGTGATACCATTACTGAGTCGTAGCCGAGTTGGCGCAACCACCCGCGGCCAAGCGTGAGATTGC, 0.0,
AAAACTTCTGGTATAGTCCTTAATACCGCTCATGTCAACTAATAAGGATTGGACTGCAAAATCC, 1.0,
GGTGCCCGACAGGATCGGGGAGAACCCGTGATATCGTCTCTCTCGCCGTACGTGGGCACCGTCC, 0.0,
TCAACGGAAACAGAGATACTTCATTTAGCTCATGTCAGTCACCTCATAGCGCTTTAGCATTAAT, 1.0,
TCCGTCGCATTCAAGATAAATCACGGGTTAGGGACCACATCTTAGGAAGCCCGGAATGAGGTCA, 0.0,
TCCAATTGGTACATGATCCATCAACGAACTCATGTCAACGGAATGCTGGGTTGCAGATAGAAAT, 1.0,
GTGGGTCGAGTGTCAGGCGATCCGCGACGAACTTTTAAGTAGCGTTATATGTCAGACTCTATAA, 0.0,
CTTGGTCCTGCGATCATTATCTTTAGAGCTCATGTCAACAGGAGTTCAAGGTTAGCCCACAGGA, 1.0,
CGACACCCTCGGTACGTTGCCTACTGTACTACAGGTTCTCGGTCACAGTCCTAGCTCCCAGACC, 0.0,
TTCCTTCAAGTCAGCAAGAGAGATATTGCTCATGTCAAACTCTGAAGATGAGCCTGGGGAAAAC, 1.0,
TTTCACAACATGTTGACGCATTCGCATGAATTGATTTGACAATGGAGCCGCCTAAGAATCATCC, 0.0,
TATAATCAGTCGGCATCCTATATATTGCCTCATGTCAATAGCATTGAGTGCTGCTAAAGACTTT, 1.0,
CACCTCATTTCCGCACCATTTCCAAATACTTCCCGGTAAGGACCTGTAAGATCGAGACTAGATA, 0.0,
CATTCTTCCTTTGAATCCGCCGATCTCTCTCATGTCAATGGGGGAAGCAGTGCGTGGACACACC, 1.0,
AGGGTGGTCTTCAGACGCCGATCTGGCTGGCACTAACTACGGGGCTAAATCCTGTTGGCACAGA, 0.0,
CGTTGCTTGTGAAAGTAGTCGCAGCCGCCTCATGTCAGGAGTAGATGTAACAATCTCTTCGTAG, 1.0,
TCATCATGGCTAGCCCGTTTAGGACCGAGGTGGGCTGATCAATTTGGCTGCCACGAGCAGTGGT, 0.0,
GGTTTACTGATCCGGGTTGATTTCACAACTCATGTCAGAAGGGTTTTTTGCCGACAGGGCGACG, 1.0,
TCAACCTACGGTTTCACACAAATCGAAGTTCAGTTACGTAGAGTAGGTCACAGCCACAAGCAAA, 0.0,
GGCCAGTGAGCCGAGGACAGCTCAGACCCTCATGTCAAATCCCACTTCATTATGCAAAAACATG, 1.0,
TACAATCCATGTTCCGTTGTCTATCATCCTAGCCACCCGCACCCGACAGGGATCTAACCAGTTG, 0.0,
GCCGTCGTCTCATGACTAGCCGATTGACCTCATGTCAGTAACCCTTCAACAAGTAAAGGTCACT, 1.0,
ATCTGAGACCTGTCCATGATTGTAAGCTGCGTAACTTCGCCCAATCTCCAGAGGATGTGGATTC, 0.0,
AAAAGTTGTCCTACAAGTATAATTTAAGCTCATGTCATGGCTTTCATATTAGAAGAAGAATAAC, 1.0,
CACACCGGGACGAAGAATTCACCAAGCATTTTTAATGCTCGTTGGGCGTGCCATAAGCTCCTGG, 0.0,
TCTTCTTCCGGGCCTCGAAGGTATATCTCTCATGTCAGTTTCTAATACTCACCGCCTGACTCCA, 1.0,
ATTGCCTTGAGTTGACCACAGTCACGCACAGATTCCCATGGTCCTATCTCCGACGTGGCATTGG, 0.0,
TCTCAAGCACGGCATAGGACAAACCAAACTCATGTCAGTTATTCCACGACAGCGTACTCGCCTC, 1.0,
CCATGAACCTTTCACCACTAGCTCCTCCTTGCCCGCGAATGTATGCTCTCTGGGGGGCACTCCC, 0.0,
TTCGCCATCGAGAACATCTAAGAGGGGTCTCATGTCAAGGCGGTGCCCCCCGTAGCAGTCTAAC, 1.0,
CATTGGCGGCGGTAGGAAAACGAACCGAAACTATCGACATAACCACCCACGCCTATTGCTTTTG, 0.0,
TAGGCCGTGTTGTACGCAGCCCGCGGTCCTCATGTCATATGTGGATCCTAAGGATATAGGCACT, 1.0,
ACCATACAGCAGCCGTCTCCACAATTATCTGAGGCAGATAACGCAATTTATTCTTATGGTAAAT, 0.0,
CAAAATTCAAGACTTAACGATGCAGTTGCTCATGTCAAGCAACAAGGAACAGGTCCGGTCAAGT, 1.0,
TCGCAGCCTCAATATATCAGAGTATTCCCTATCACTAAGGCTGACCCTGAACGAAACACCTACT, 0.0,
ACATGAGTCCGGTGTATACTTAGTCTCGCTCATGTCAGGTAGCTACATTCACTCGATGGTTCAT, 1.0,
TGGAATAAAACCTCCTGCTCCTGTAAGGTACAAGGACCGCAAGAAAGGGGTACATCTACGTGCT, 0.0,
CGAGGTTGCCGATTCAAGGTTCATCTCCCTCATGTCACTAGATTAATGGTCGGAGGCTCCTCTG, 1.0,
ACGCCCTCACTGCCTTCGCTTCTCAACTGTGGAATCTCCCATCCTTCGAGGCGCACAGATGTAC, 0.0,
CTGCTACGACACCTCAATCTACAACCTACTCATGTCACAACACTAACTAGATCACCGCTCCGCA, 1.0,
GAGGAGATAACCCGTATTCAGACCATAGAGAACGACACTCGGGGGCCATGATCAACAACATACA, 0.0,
CTACAGAGACGCAGTGAAGGTAGTACGGCTCATGTCAGTAAGGGCCTGCACAGTACAGACCAAT, 1.0,
GAACCATTAATGTCTTCCATAGACCGTCGTATGCATGTAGTCGGTTGCAATGTGGTCACCCGCG, 0.0,
TACTACCTTGTGTACTCCTTTGACCACTCTCATGTCAGCTCGGATAAGATAACGGACTCATCTA, 1.0,
GCCTGCGGGAAGGAAGATGTGCCTTAAACCAAGTCGGTAGGTTATCCGCCGGTCTACGAGCTTC, 0.0,
ATCCACCTAAAGCATTGCGATATCTTCGCTCATGTCAAATACAGCGTGCATAGGTCCTTGATGA, 1.0,
GGTACGACCTATACTGTAAGAGGAGGGTAGGTTACCTCCCCCAGCACTGCTAGAATGTATAATA, 0.0,
TGGGTAAGCGACACTGCTACCCGAAGGTCTCATGTCAGCCTGCAGTCTGAAAAATAATAGGCTC, 1.0,
TGCAGTGCCACCTGACATTCAGCTACCGAGTGGGGTCGGAAATGGATACCCCCGTTGATGCTAA, 0.0,
CTTAGTTCTGGCGAAGCAGGCCACCACTCTCATGTCACACTGGCTGAGCAATACCCAAGACAAA, 1.0,
TCGCGGTATTATATGCTCGGCCCGTCCCGCCTACTACTGTTTGCTTACGACGCCCGGGGTGCCA, 0.0,
CATGGAACAATTGCTTGTCGAGCCCTGTCTCATGTCACAAGTCGAGTTGTCGTACAGGGGTCCC, 1.0,
ATCTGACCTAATCCCGGAGGGCCGGGGGGAGCGCTGTCTCTTTTCCAATGCGGACGAGAGGATC, 0.0,
GCTTTCGGTAAAGGCCCTCATAGTGTAACTCATGTCAATTCATATCAGTGTAAAATAAAGTATG, 1.0,
TTCGTGGTGTCCCGAGCTTGTTACCTATCTAGTAACCACCTGAACCCAGAGCGAGCAATGAAGA, 0.0,
AAAATGTTGGTGCGGAGACAAATATGTACTCATGTCATCAGCTCCGCTGTTACGTTACTTTGGA, 1.0,
GCCCACACCAGTAGTTCGAGGCCCTTAATGCGCGATAGATGCGCTTACGGTACCCTAACAAAAT, 0.0,
GGCAGATAGGGATGCTGCTCATTTCGCACTCATGTCACAAATCACTGAGCGGGTTCGAGTCGAT, 1.0,
TCAAGCTAGCCCCGGCCGAGGCGTCTCGCCAGGGGCGAAATACTCAGCCAACATTGGAACACCC, 0.0,
CTCGCTGTGTAGGTAGTTGAAGCGTTTTCTCATGTCAGGCTGCATGTAGCGCTCGGACCCGTCG, 1.0,
CATCGGGTCTTCCACCGCGGACAGTCGAGACCGAAGTCTCTGCGATCGCATAGTCGCAACGTTG, 0.0,
TTCTTGCGCATGGTCAGAGCCTAGAATTCTCATGTCACGGCTGGGTGTCGCCAAAACTTACGAT, 1.0,
TCATATCACAAGCCCAGGACTACACCGCGGCTAATTGCGCATCTTCTTTATCGGCATTAGGGAC, 0.0,
ACGAACTAACCGGGAGTGTGGTGTGTGCCTCATGTCATTGGGTTGCCGCCCGAGTCCAACGATA, 1.0,
GGACCGGTTTGTGAGGCAGGCAACCTATTGCCTCAATTGGAGCTTAACAAGTAATCGAAAAATC, 0.0,
GGCGTTGGGGCTCCAAGGTGCGGGTGGTCTCATGTCACCTAAATTAGTAGTGAATTGCGAGGTC, 1.0,
TTGGCTGGATAGTGATCTCTAGGATCTATACAATACATTCTGCCTCGAAATTCAATGGGATATA, 0.0,
AACACCGAGCGCCCCCCAGAGCCACAAACTCATGTCAGAGTATAGTCTCCACACCTCGGAAGCC, 1.0,
CCATAATAATGGTGGTGGTTTAACCAACCGATAGACTACTCTTCGATTCGCCTCAATTTCAAGG, 0.0,
CTTTACATCGTCTTCCGGTTCGGTGGTACTCATGTCACTAGAACTCTCATGCTAGGTCTTGCCG, 1.0,
GTCGAAATGAGATCGAGCTTTAAAGTTTAGTATAGTAAGCGTAACCCAGACTGCGTTTTCCCCC, 0.0,
CTGGAGTTAAAGGGGCGCCGTGTCGATACTCATGTCAAGGCCTACAAAGTGGGTAGTAGCGACG, 1.0,
GAGACTCCGGTTGTTCAGTTTTACATCCGAACGCGGGGGGTTGAGCCCCTTGAACTCCCCTGTA, 0.0,
TGACGAAGACTGTTGGGTCTGCTCGGGGCTCATGTCAGCTTAGGTGTTCCAACCCGCCCTAACA, 1.0,
GATTGCGGCCGCTCGGCGAAAGAGATGGCATCCACTACCCGTTCGCCTTCGCTCTTCGGAGGAT, 0.0,
CCAAATACATCAATAAGTATGACGTCCACTCATGTCAGAGGGCGTCGGAAGTAAAGACCGTGGC, 1.0,
TTTGGGCCAGGGCATTCTCGACCTTCAGGACGTAACGTCCACTGAACGTGTGTATGAAGGGCCA, 0.0,
TGCTCCGGAGCCTGTACGCACGTGGGATCTCATGTCACAGCAATAGCGTGCGTACTTCAACGAC, 1.0,
GGACCAAAAAAGAATTGGCCTTGCTTGTTCTCTTAAACACGATGTCTGGGTACACCGTGTAAGT, 0.0,
TTCCCGTCAATTCTAACGAAATATGCCGCTCATGTCACACCGATGACCCGCTGTGTTGCAATGG, 1.0,
TTGAACGGTTCCATGGTTTTGTGATCCGGTTCCTCATTAGAAACCTGCGTTCAGAGTACCCATA, 0.0,
CATAGGATAGCAACGAGCTCTACCCATCCTCATGTCAGGGGCCAAGATGTAAGAGCCTCCACAA, 1.0,
TTCAATGATTTGGTGGAAGCGTCTGAGGGTACGTCGATCGTCAGACCAAAAATAGGGAACGGAA, 0.0,
CTGCACGCATTACCGCGAACGGAGGTGACTCATGTCAATGGGTTTAACCAGATCCAGGGACTAG, 1.0,
CAGAGCCCACCCACCATACTCCCGAGAAAGGTGATCAGTGGGAGTCCGGAGTGGGAACCACTCC, 0.0,
CCCCAGGGAACGAGATCTTAACATCCCGCTCATGTCATATACAGAGTTGTGACCATACCGGTTC, 1.0,
ACATCGTTTATACGGAGATCCTCGACTTGAGACTTTCGGTTAAGCGTCCCTTGTTGATTCGCAA, 0.0,
TCCCATCATGCCTTCCCGATGGCAGTAACTCATGTCACAAGCTGAAGGGCCTCTGATGTCGTGA, 1.0,
AAAATTCGGTATCCCGCTGTGCGATCGGGTCTATTCTTCCACGTTATGATAATGAACATTGCCT, 0.0,
CCGAAGCTCGTAGAATCCCATGCGGTCTCTCATGTCATACTCCCTGGGGCGAAGAGCACGAGGA, 1.0,
GACTAGACAGGTCAACCCCCGCCTGCAGAGCAAGCTCGTATACGCCTGGCTCATTCGGTTTAGC, 0.0,
CGCCTGGAGACAGTAAGGTTACCTACTACTCATGTCAGTAGTAGGTGGTTTCCCCCGCACCGCA, 1.0,
AGACCACCAAGCGCTATAACCGGGTTTAATGCGACGCCCCTTCACGGGGTCGGAAACTCGTAGT, 0.0,
GCGGACCCCAGAGTAGCGCCTAGGAATCCTCATGTCAATTGTTCCATGTAAGCTGGTCTGCTCC, 1.0,
GTCCAAGCTTTAGTGCTTATTAATGAACTGTTGGCTCGAACTCATTCAAGGCATCCAGATTTGT, 0.0,
AGTACTCTGTAGATTAATCTTAGAGCGTCTCATGTCAATTCCATGAAGGAACTAGGGCTATCAC, 1.0,
AGTGGATCCGCTAGGCTTCGGGGCTAGCTCCTTGATGAGTTCGCGCTCTAGAGGACCAAGCGGA, 0.0,
CAACGAATGGTCATGCGCGAAATCCGTGCTCATGTCACGAACGTCGGCCAAGTGAAAAGCCGGC, 1.0,
CCGAAAGCGCATGAGAATTTGTCAATCCGACAGAGGAGTGTTATAGTCGCTAACCATAAATGAC, 0.0,
TCGTCTCTTCATTAGGACATTAGAATTCCTCATGTCAAGACAGTTCCCATGATGTAGGATAGAT, 1.0,
ATCAGCACTTTGGGGAGCGGCTTTTGCCCAAGCGAAGCTCTGACAATTATTGCACGCGTATTCA, 0.0,
GAATCCGCTTTACATCAACGCGCTTTGACTCATGTCAATCACACTGATACGACTGGGAAATAGA, 1.0,
AGAAACCTAAGTGGCCACTCATCTTTAGCTCCCAAAACGTTTATTGGCGTCGCTTTATACTTAG, 0.0,
TGGCCAGCAGCTCTTCGACGAGGTCGGGCTCATGTCACGCGCTTGTTCTACATGGCGCCTCCCA, 1.0,
CCTCCTCTCCGTTCTCAGACACCTCTGCGGTGCGTTACGTTACTAACTGTACACCACATAGCCG, 0.0,
GTGTGGTCTCTGAGTTCTTCGACTTAGCCTCATGTCAAGAACCCCATCATCGAAAGAAATAATG, 1.0,
GCTCGAACGCGAAACTGACCTGCTTTTTCGAGTTTACCAAATTGACAAAACACGGTTCCTCCCT, 0.0,
TGCGCCTGCTCATTCGGACGATGCTCCCCTCATGTCACCCGGCTCTCGTCTGAAGTATATAGAG, 1.0,
CCTAGGGTACTAATAAGTACAATGCTGGTTATCAATAGAGATGCCGGCCACCCTCGGTCTGTCT, 0.0,
GCGATTCGTGTTCTTACAGTTGCAGGGACTCATGTCATTACACTAAGATGCATCTGTCTATTAC, 1.0,
TATAATAGCGGACGGGTCACAAGTACGACGCCAGTGAGCTGTTCTTATAAAAGGTAGCTGGCAA, 0.0,
CACAGTCTTTCTGCCTCCACATATGTGCCTCATGTCACAGAGGGTAATTCATTCTTAGAGTCAA, 1.0,
ATTCTAATGTTGGGCTACACGGTATGTACATGGCCGTAAGAACCGCACCTCACAACCCTGATCA, 0.0,
CTGTATAGTGAAACGCCTAACCTACTACCTCATGTCACTCTCCTGCGATTAGTCTATCACAGGC, 1.0,
AGGACCACCCGTAGGTCCCGGAATAGTGAGGAGCATCGCGACTACAGGGCGTCGAGAAGGCAAA, 0.0,
TTCCAATCTTGAACTCTAATTGATTGGACTCATGTCAGAGTGTATCTACTTGTCAGCATGTAGT, 1.0,
TTGTGACTGATAAGGCCGACGTGATGCCGATTCGGTAGATTCCGGGAACGGCGGCAAGAGATCC, 0.0,
AGAAAAGGCGCTTGTATACGACCTCACCCTCATGTCAATCTCCCCAAGACCACTCGAATGTCGG, 1.0,
AACCAAAGTGCGCCTCAAGGCTCCAATTCAGATCGCGATGAATGCAGGGTACTAGCAAAGGGAG, 0.0,
CGGCCCACGCAACCGAAGAGGATTACTTCTCATGTCATGATACTTGAGCGTATGAATCGGACGG, 1.0,
GTACGTGGATGTAAGTACTATCATAGTAACTATGTCACATGTCACCCGGGTACGACGCTGTGCT, 0.0,
TATGAAAAGCTTTTCGTTTAGTCGGCAACTCATGTCAACCGCCGTATAAAAGCCAATACTTGTG, 1.0,
GATAATGCAAGTAATTTCCGGGATGAAAAGGACTGACCTTACTGCGGTCTGCTCGTCATACCCC, 0.0,
TTACAGTGTTACATGCCTCACAGTGCCACTCATGTCAGGGTATAATACCCCGTCTCGCAGACGC, 1.0,
CTAATAGAGTTGCGACGTCCTTCGCCCTGTCCGGATTCGAGAAGTCCCCCGATAAGGGCCGGAG, 0.0,
GCTGACATAAACGACTAATGTGCACACTCTCATGTCATTTTGGAATATTCCCCAAATTTGACGC, 1.0,
GGAAAGGTGGGCCCTCGTAAGTGCGATGGATCAATCAGCCTCGCATAGGAGTTTTGGAGCGCTT, 0.0,
CTAGGGCCACGAACTATCCTCATGCTACCTCATGTCAAAAGTAGGGTCAACCCTTAAGACAGAT, 1.0,
CTCGCATATCCTCCACTTTTATGTGTCAGTCTGATTCATAAAACGCTTTGTAGGTGAGACGTGC, 0.0,
GATCAGATGGCCGTATCCCCGGATACCCCTCATGTCATCCCTCTCAGTAAATGATTGATCGCAG, 1.0,
AAAAAGCGTGAGACCTGTGGCCCCGTCATAAGGTTGCCTATTGGATTACAACCCACTTGCATAG, 0.0,
AGCAAACGCAATACCGTAAACGTTCGTCCTCATGTCACAGACTCAACTACCAGTGTCATGTGTG, 1.0,
AATCATTAGTACACCGACCTTTTGACTCGAATGATACCAATCTACTGAGCAGGGTTAGTTCTCG, 0.0,
GAACCTAACTAGACACGTGGTTGTAACTCTCATGTCATTCATGCGTAGATCAGGAGTAGTAGTG, 1.0,
CCAACATCAACGTTACCGGGCGAGTGTGAATAAATGCTGACAACCAGTTCTCAGTCTGGAGCAA, 0.0,
ACAAGCGAAGGTGGCCGGTCGCGAAACCCTCATGTCATGGTTGCTTGCACTCCTACGCGAGCTC, 1.0,
CACTTTATACCTCTGTAGTCAAATCAGACTAGGGGCGATAGAGGCTCACCACCCATCGCAAATC, 0.0,
AGCAATCGGAACGGACGGTAGCAGGCTGCTCATGTCATTTGACGCAGCGCGACAAAACGGGGAA, 1.0,
ATTCGCCTACAAGCCAAATGTATGGGCGTGACAGCACTCTAGTTTCCTTCCCGCGGCCTGGAGC, 0.0,
TAAGAAAAGAAAAGGTAATAAATCGCCGCTCATGTCAAGATAATTCAGCGAAGCGTATCCATGC, 1.0,
CGAAACATTGTACCGCTGGCTATGAGATTTTAAGGGCTGGCCATGTTTCAGTACCAATAGGCGT, 0.0,
GAGGGTCCCGGCTCATACAAGAGCATTCCTCATGTCAAACACGATATCACTCGATAAAGAAAGT, 1.0,
AAGGCAGCGGTAGCCGGACAACACATCGCGGACGAAAGTAGTTAGTAGTCCCACCTTGATTGCT, 0.0,
GGGGTGGGGAGGGTGAAGCATGACGCGACTCATGTCACGAAACGGTTAACGTGTAGCCAAGATC, 1.0,
CTCTGCGCGAGCAGAATGATTCAGACGCGGAGATTGCTCGGCCAACTAGAGCAGCAGCCCCCCA, 0.0,
GAGGTCGTGCTCGCGTAAGCAGTGCGGGCTCATGTCAGTCCGAGAGCGTCTCCCACTCTGACGG, 1.0,
CTACGGTGTTAATCTAGGTCGTACGGAGAAATGTTGGTAACGGAAGCCCGAGCACTCTGGGTCT, 0.0,
CTTGTTAAGTTGTGTCCGTTGATGCGTTCTCATGTCACACGTTTTGCGGATAGTGAAGCTCATA, 1.0,
TGACGTTGTGACGTGCATACCTCCCATGATGAGACATCACTGGAGCCAGACAGTATATGATTGG, 0.0,
TATTGGGCAATAAACACGCTCAGCGAAACTCATGTCAGTCGGGTGTCTGAGTGACCACAGATGT, 1.0,
GATCGTTTTCTTGATTGCTATACATCAATCCCTGAGTGGGACCCAAGAAGCAACTGCGAGTGGC, 0.0,
CAGGATCCCGTGGTTTCCGCGTTTAGACCTCATGTCAGAAGTAGTCAGTAGTCACTGCAGTAAA, 1.0,
GGGTTCTCCACAATTTAAAGGTGAATGAGAGATTCCAGGAGCGACAACTCCAAATCCGATTCTC, 0.0,
TAGCTTCCGGTAATTCAGGATACTACGGCTCATGTCAGATTATCCGCGTAATAGGTTGCGTCGG, 1.0,
GAATTTGCAGTTCACCCTCTATGATCGGTTGTCTTGACCCGAAAAATTTTCAGACTAGTAGCAA, 0.0,
ACCAACGCTAAGACAGTACTACGGATCCCTCATGTCAACGATGCTCCGAGTGAGACCCGCATCT, 1.0,
TGAGAGCCCTGATGTAGGTTCTCCCCACTTCCGGAATCTTCTCAAGGTACGATTAAGCCGCCGT, 0.0,
CAGGTGAGCCACCCCATCATTTGCTCCGCTCATGTCAATGCTGTTGCCTGCTGAGTTCACCAGT, 1.0,
AGATAAGGCACACCCATGGCACTAGACCAGTATGACCTAGCGCGCTCAGGCACAGGATCAGGCC, 0.0,
TGAGTGTGCCTACAAGCATGGGGGCGTTCTCATGTCACGTGTCTTTTTGCCCCAGAAGCTTGAG, 1.0,
GTTAAGCGGGGACAAAACTGATATGTAGTGGGACTAGCCGAATATCAACCTTGTAGCAACACTA, 0.0,
GTGATACAGGTACAGTTAAAGATGCACTCTCATGTCATTTTTACGGTCCCTAGCTAGGTCACAA, 1.0,
GCTGTGTCAGTCGGAAGACCCCGCGGGGACACCCAGAGTAGCGAACCATGACCACCATTTGGAA, 0.0,
AGCTTTCGCATTTGACTACCTGGGGCCCCTCATGTCAGAGTACACTAGACTCCCCACTGGTAGA, 1.0,
CTAAAATACTAAGACAAACAAGCTTGGGTAGACGTGGGGCGAGAGTGAGACGTTATCCGCCTAT, 0.0,
GCACCGTGATGCGGTTGGAGAACGAGAACTCATGTCACATGGGGTGAGCCCAACATGAGGTGTG, 1.0,
TCACCATAGTTCTGTGGTAATCTACTCCGAGTTACTTACCGGTGATAACACCTAGGTTCATAGG, 0.0,
GGACCTGAGTAGGGACTAGGTGCACTGGCTCATGTCAATAGACTTGCATCCCCGTAAGGTAAGG, 1.0,
TCGTAGTTTTAGACGGTCCGCGTGAGTGGCGAACCAGTCACACCGCCCAGCAACGAGCACGAGT, 0.0,
CAGTTTTCGCCTCGTGACGTTCGACCTACTCATGTCACGGTTGGTGAAACTTGGGCAACGATTC, 1.0,
TAGAGAACCTGCGGCACTAGAATTGCGTTCAGTGCCTGTAACAGGCCACGCAGGGGGTACTATC, 0.0,
TAGGGCGCAGCTAGGGCCTATTGCCATACTCATGTCAGGCTCGTCTGAGATCCGGGCCGATATA, 1.0,
CAGGACTGCTTGAGCTAGTTTGGATGAAATTTGGGGGGTTTTCATCTTCTCAGAATGCAGAATA, 0.0,
AATTCGAGCGTAACATTATGTCCCGAGCCTCATGTCATGGATCCACCGGTGGCAGGACAGGCGC, 1.0,
CAAAATCGATTCGCAGAACCCATGCGGAGCATGGTGGCGTTCTGATTGCAGTAGGTAAAGCTCT, 0.0,
GGTACGCTCTCAATCGTTTCCAGGGCGCCTCATGTCAAGATCCATATAGAGACTGCATGCTTTC, 1.0,
AGGGCCTGGTTGGACTTCACCTTGATTGTGTCTCGTCGCTTTCTAAATGTCTATAGTTGACATT, 0.0,
CGTATAAACTGCCTCAGCATACCAGTCACTCATGTCATGACCAAGCCTCTCAAATCGAGTTGGC, 1.0,
TACAGGGGTTATTAAAGTTCTGCGGGGCACCAAACACATCACCCACTATAATGCCTAGGAGCCT, 0.0,
ATCCCAAGCGGGGCGCCGTTCCTTCGAGCTCATGTCATGACTTTAGTAAACAGTTGTGAGCCCA, 1.0,
GTTTCGGATTGCCAACGAAGATGATAGTGTTGGCACACTGCATTCATTGTCTCTCCCGGTATCA, 0.0,
GCGCGCTCGTAGTACTAGTTGAACACGGCTCATGTCAGGTTCAATAATCAATAGCTAATAATGA, 1.0,
CTGTAATGACACACCGGCTGCTAATGCGCTTGGGTATTTCGGCGATTTCATCACAATAGATTAC, 0.0,
CGTTTCGCGGACGTGGAGATAGCACTGTCTCATGTCATTAACCTTCGGCTGTAAAGAGCGTACG, 1.0,
